2025/12/09 00:44:17.975|DEBUG|Adding machine:
{
  "id": "STARK_TORNO_PILOTO",
  "enabled": true,
  "type": "l99.driver.fanuc.FanucMachine, fanuc",
  "strategy": "l99.driver.fanuc.strategies.FanucMultiStrategy, fanuc",
  "handler": "l99.driver.fanuc.handlers.FanucOne, fanuc",
  "transport": "l99.driver.fanuc.transports.MQTT, fanuc"
} |l99.driver.base.Machines|
2025/12/09 00:44:18.052|DEBUG|[STARK_TORNO_PILOTO] Creating machine, enabled: True |l99.driver.base.Machine|
2025/12/09 00:44:18.052|DEBUG|[STARK_TORNO_PILOTO] Creating veneers holder |l99.driver.base.Veneers|
2025/12/09 00:44:18.066|DEBUG|[STARK_TORNO_PILOTO] Adding 'platform' to property bag. |l99.driver.base.Machine|
2025/12/09 00:44:18.091|DEBUG|[STARK_TORNO_PILOTO] Creating transport: l99.driver.fanuc.transports.MQTT |l99.driver.base.Machine|
2025/12/09 00:44:18.661|INFO|[STARK_TORNO_PILOTO] Connecting broker 'tcp://127.0.0.1:1883/STARK_TORNO_PILOTO': Unspecified/127.0.0.1:1883 |l99.driver.fanuc.transports.MQTT|
2025/12/09 00:44:18.766|INFO|[STARK_TORNO_PILOTO] Connected broker 'tcp://127.0.0.1:1883/STARK_TORNO_PILOTO': Unspecified/127.0.0.1:1883 |l99.driver.fanuc.transports.MQTT|
2025/12/09 00:44:18.766|DEBUG|[STARK_TORNO_PILOTO] Creating strategy: l99.driver.fanuc.strategies.FanucMultiStrategy |l99.driver.base.Machine|
2025/12/09 00:44:18.816|INFO|[STARK_TORNO_PILOTO] Creating collector: l99.driver.fanuc.collectors.MachineInfo, fanuc |l99.driver.fanuc.strategies.FanucMultiStrategy|
2025/12/09 00:44:18.834|INFO|[STARK_TORNO_PILOTO] Creating collector: l99.driver.fanuc.collectors.Alarms, fanuc |l99.driver.fanuc.strategies.FanucMultiStrategy|
2025/12/09 00:44:18.875|INFO|[STARK_TORNO_PILOTO] Creating collector: l99.driver.fanuc.collectors.StateData, fanuc |l99.driver.fanuc.strategies.FanucMultiStrategy|
2025/12/09 00:44:18.875|INFO|[STARK_TORNO_PILOTO] Creating collector: l99.driver.fanuc.collectors.ProductionData, fanuc |l99.driver.fanuc.strategies.FanucMultiStrategy|
2025/12/09 00:44:18.875|INFO|[STARK_TORNO_PILOTO] Creating collector: l99.driver.fanuc.collectors.SpindleData, fanuc |l99.driver.fanuc.strategies.FanucMultiStrategy|
2025/12/09 00:44:18.875|DEBUG|[STARK_TORNO_PILOTO] Creating handler: l99.driver.fanuc.handlers.FanucOne |l99.driver.base.Machine|
2025/12/09 00:44:18.894|DEBUG|Adding machine:
{
  "id": "STARK_TORNO_02",
  "enabled": true,
  "type": "l99.driver.fanuc.FanucMachine, fanuc",
  "strategy": "l99.driver.fanuc.strategies.FanucMultiStrategy, fanuc",
  "handler": "l99.driver.fanuc.handlers.FanucOne, fanuc",
  "transport": "l99.driver.fanuc.transports.MQTT, fanuc"
} |l99.driver.base.Machines|
2025/12/09 00:44:18.894|DEBUG|[STARK_TORNO_02] Creating machine, enabled: True |l99.driver.base.Machine|
2025/12/09 00:44:18.894|DEBUG|[STARK_TORNO_02] Creating veneers holder |l99.driver.base.Veneers|
2025/12/09 00:44:18.894|DEBUG|[STARK_TORNO_02] Adding 'platform' to property bag. |l99.driver.base.Machine|
2025/12/09 00:44:18.894|DEBUG|[STARK_TORNO_02] Creating transport: l99.driver.fanuc.transports.MQTT |l99.driver.base.Machine|
2025/12/09 00:44:18.894|INFO|[STARK_TORNO_02] Connecting broker 'tcp://127.0.0.1:1883/STARK_TORNO_02': Unspecified/127.0.0.1:1883 |l99.driver.fanuc.transports.MQTT|
2025/12/09 00:44:18.906|INFO|[STARK_TORNO_02] Connected broker 'tcp://127.0.0.1:1883/STARK_TORNO_02': Unspecified/127.0.0.1:1883 |l99.driver.fanuc.transports.MQTT|
2025/12/09 00:44:18.906|DEBUG|[STARK_TORNO_02] Creating strategy: l99.driver.fanuc.strategies.FanucMultiStrategy |l99.driver.base.Machine|
2025/12/09 00:44:18.906|INFO|[STARK_TORNO_02] Creating collector: l99.driver.fanuc.collectors.MachineInfo, fanuc |l99.driver.fanuc.strategies.FanucMultiStrategy|
2025/12/09 00:44:18.906|INFO|[STARK_TORNO_02] Creating collector: l99.driver.fanuc.collectors.Alarms, fanuc |l99.driver.fanuc.strategies.FanucMultiStrategy|
2025/12/09 00:44:18.906|INFO|[STARK_TORNO_02] Creating collector: l99.driver.fanuc.collectors.StateData, fanuc |l99.driver.fanuc.strategies.FanucMultiStrategy|
2025/12/09 00:44:18.906|INFO|[STARK_TORNO_02] Creating collector: l99.driver.fanuc.collectors.ProductionData, fanuc |l99.driver.fanuc.strategies.FanucMultiStrategy|
2025/12/09 00:44:18.906|INFO|[STARK_TORNO_02] Creating collector: l99.driver.fanuc.collectors.SpindleData, fanuc |l99.driver.fanuc.strategies.FanucMultiStrategy|
2025/12/09 00:44:18.906|DEBUG|[STARK_TORNO_02] Creating handler: l99.driver.fanuc.handlers.FanucOne |l99.driver.base.Machine|
2025/12/09 00:44:18.906|DEBUG|Adding machine:
{
  "id": "STARK_CENTRO_01",
  "enabled": true,
  "type": "l99.driver.fanuc.FanucMachine, fanuc",
  "strategy": "l99.driver.fanuc.strategies.FanucMultiStrategy, fanuc",
  "handler": "l99.driver.fanuc.handlers.FanucOne, fanuc",
  "transport": "l99.driver.fanuc.transports.MQTT, fanuc"
} |l99.driver.base.Machines|
2025/12/09 00:44:18.906|DEBUG|[STARK_CENTRO_01] Creating machine, enabled: True |l99.driver.base.Machine|
2025/12/09 00:44:18.906|DEBUG|[STARK_CENTRO_01] Creating veneers holder |l99.driver.base.Veneers|
2025/12/09 00:44:18.906|DEBUG|[STARK_CENTRO_01] Adding 'platform' to property bag. |l99.driver.base.Machine|
2025/12/09 00:44:18.906|DEBUG|[STARK_CENTRO_01] Creating transport: l99.driver.fanuc.transports.MQTT |l99.driver.base.Machine|
2025/12/09 00:44:18.906|INFO|[STARK_CENTRO_01] Connecting broker 'tcp://127.0.0.1:1883/STARK_CENTRO_01': Unspecified/127.0.0.1:1883 |l99.driver.fanuc.transports.MQTT|
2025/12/09 00:44:18.906|INFO|[STARK_CENTRO_01] Connected broker 'tcp://127.0.0.1:1883/STARK_CENTRO_01': Unspecified/127.0.0.1:1883 |l99.driver.fanuc.transports.MQTT|
2025/12/09 00:44:18.906|DEBUG|[STARK_CENTRO_01] Creating strategy: l99.driver.fanuc.strategies.FanucMultiStrategy |l99.driver.base.Machine|
2025/12/09 00:44:18.906|INFO|[STARK_CENTRO_01] Creating collector: l99.driver.fanuc.collectors.MachineInfo, fanuc |l99.driver.fanuc.strategies.FanucMultiStrategy|
2025/12/09 00:44:18.906|INFO|[STARK_CENTRO_01] Creating collector: l99.driver.fanuc.collectors.Alarms, fanuc |l99.driver.fanuc.strategies.FanucMultiStrategy|
2025/12/09 00:44:18.906|INFO|[STARK_CENTRO_01] Creating collector: l99.driver.fanuc.collectors.StateData, fanuc |l99.driver.fanuc.strategies.FanucMultiStrategy|
2025/12/09 00:44:18.906|INFO|[STARK_CENTRO_01] Creating collector: l99.driver.fanuc.collectors.ProductionData, fanuc |l99.driver.fanuc.strategies.FanucMultiStrategy|
2025/12/09 00:44:18.906|INFO|[STARK_CENTRO_01] Creating collector: l99.driver.fanuc.collectors.SpindleData, fanuc |l99.driver.fanuc.strategies.FanucMultiStrategy|
2025/12/09 00:44:18.921|DEBUG|[STARK_CENTRO_01] Creating handler: l99.driver.fanuc.handlers.FanucOne |l99.driver.base.Machine|
2025/12/09 00:44:18.921|DEBUG|Adding machine:
{
  "id": "f_sim_mqtt_long",
  "enabled": true,
  "type": "l99.driver.fanuc.FanucMachine, fanuc",
  "strategy": "l99.driver.fanuc.strategies.FanucMultiStrategy, fanuc",
  "handler": "l99.driver.fanuc.handlers.FanucOne, fanuc",
  "transport": "l99.driver.fanuc.transports.MQTT, fanuc"
} |l99.driver.base.Machines|
2025/12/09 00:44:18.921|DEBUG|[f_sim_mqtt_long] Creating machine, enabled: True |l99.driver.base.Machine|
2025/12/09 00:44:18.921|DEBUG|[f_sim_mqtt_long] Creating veneers holder |l99.driver.base.Veneers|
2025/12/09 00:44:18.921|DEBUG|[f_sim_mqtt_long] Adding 'platform' to property bag. |l99.driver.base.Machine|
2025/12/09 00:44:18.921|DEBUG|[f_sim_mqtt_long] Creating transport: l99.driver.fanuc.transports.MQTT |l99.driver.base.Machine|
2025/12/09 00:44:18.921|INFO|[f_sim_mqtt_long] Connecting broker 'tcp://127.0.0.1:1883/f_sim_mqtt_long': Unspecified/127.0.0.1:1883 |l99.driver.fanuc.transports.MQTT|
2025/12/09 00:44:18.921|INFO|[f_sim_mqtt_long] Connected broker 'tcp://127.0.0.1:1883/f_sim_mqtt_long': Unspecified/127.0.0.1:1883 |l99.driver.fanuc.transports.MQTT|
2025/12/09 00:44:18.921|DEBUG|[f_sim_mqtt_long] Creating strategy: l99.driver.fanuc.strategies.FanucMultiStrategy |l99.driver.base.Machine|
2025/12/09 00:44:18.921|INFO|[f_sim_mqtt_long] Creating collector: l99.driver.fanuc.collectors.MachineInfo, fanuc |l99.driver.fanuc.strategies.FanucMultiStrategy|
2025/12/09 00:44:18.921|INFO|[f_sim_mqtt_long] Creating collector: l99.driver.fanuc.collectors.StateData, fanuc |l99.driver.fanuc.strategies.FanucMultiStrategy|
2025/12/09 00:44:18.921|INFO|[f_sim_mqtt_long] Creating collector: l99.driver.fanuc.collectors.ProductionData, fanuc |l99.driver.fanuc.strategies.FanucMultiStrategy|
2025/12/09 00:44:18.921|INFO|[f_sim_mqtt_long] Creating collector: l99.driver.fanuc.collectors.Macro, fanuc |l99.driver.fanuc.strategies.FanucMultiStrategy|
2025/12/09 00:44:18.943|INFO|[f_sim_mqtt_long] Creating collector: l99.driver.fanuc.collectors.Pmc, fanuc |l99.driver.fanuc.strategies.FanucMultiStrategy|
2025/12/09 00:44:18.943|DEBUG|[f_sim_mqtt_long] Creating handler: l99.driver.fanuc.handlers.FanucOne |l99.driver.base.Machine|
2025/12/09 00:44:18.943|INFO|[f_sim_mtc_long] Machine disabled and will not be added |l99.driver.base.Machines|
2025/12/09 00:44:18.943|INFO|[f_sim_spb_long] Machine disabled and will not be added |l99.driver.base.Machines|
2025/12/09 00:44:18.943|INFO|[f_sim_influx_long] Machine disabled and will not be added |l99.driver.base.Machines|
2025/12/09 00:44:18.958|INFO|Machine tasks running |l99.driver.base.Machines|
2025/12/09 00:44:18.958|DEBUG|[STARK_TORNO_02] Initializing strategy... |l99.driver.base.Machine|
2025/12/09 00:44:18.958|DEBUG|[STARK_CENTRO_01] Initializing strategy... |l99.driver.base.Machine|
2025/12/09 00:44:18.958|DEBUG|[STARK_TORNO_PILOTO] Initializing strategy... |l99.driver.base.Machine|
2025/12/09 00:44:18.958|DEBUG|[f_sim_mqtt_long] Initializing strategy... |l99.driver.base.Machine|
2025/12/09 00:44:18.977|INFO|[STARK_TORNO_02] Strategy initializing |l99.driver.fanuc.strategies.FanucMultiStrategy|
2025/12/09 00:44:18.977|INFO|[f_sim_mqtt_long] Strategy initializing |l99.driver.fanuc.strategies.FanucMultiStrategy|
2025/12/09 00:44:18.977|INFO|[STARK_CENTRO_01] Strategy initializing |l99.driver.fanuc.strategies.FanucMultiStrategy|
2025/12/09 00:44:18.977|INFO|[STARK_TORNO_PILOTO] Strategy initializing |l99.driver.fanuc.strategies.FanucMultiStrategy|
2025/12/09 00:44:22.450|WARN|[f_sim_mqtt_long] Strategy initialization pending (0 min) |l99.driver.fanuc.strategies.FanucMultiStrategy|
2025/12/09 00:44:29.373|WARN|[STARK_TORNO_PILOTO] Strategy initialization pending (0 min) |l99.driver.fanuc.strategies.FanucMultiStrategy|
2025/12/09 00:44:29.407|WARN|[STARK_TORNO_02] Strategy initialization pending (0 min) |l99.driver.fanuc.strategies.FanucMultiStrategy|
2025/12/09 00:44:29.442|WARN|[STARK_CENTRO_01] Strategy initialization pending (0 min) |l99.driver.fanuc.strategies.FanucMultiStrategy|
2025/12/09 00:45:23.190|WARN|[f_sim_mqtt_long] Strategy initialization pending (1 min) |l99.driver.fanuc.strategies.FanucMultiStrategy|
2025/12/09 00:45:35.669|WARN|[STARK_TORNO_PILOTO] Strategy initialization pending (1 min) |l99.driver.fanuc.strategies.FanucMultiStrategy|
2025/12/09 00:45:35.719|WARN|[STARK_TORNO_02] Strategy initialization pending (1 min) |l99.driver.fanuc.strategies.FanucMultiStrategy|
2025/12/09 00:45:35.768|WARN|[STARK_CENTRO_01] Strategy initialization pending (1 min) |l99.driver.fanuc.strategies.FanucMultiStrategy|
2025/12/09 00:46:23.962|WARN|[f_sim_mqtt_long] Strategy initialization pending (2 min) |l99.driver.fanuc.strategies.FanucMultiStrategy|
2025/12/09 00:46:41.942|WARN|[STARK_TORNO_PILOTO] Strategy initialization pending (2 min) |l99.driver.fanuc.strategies.FanucMultiStrategy|
2025/12/09 00:46:42.021|WARN|[STARK_TORNO_02] Strategy initialization pending (2 min) |l99.driver.fanuc.strategies.FanucMultiStrategy|
2025/12/09 00:46:42.057|WARN|[STARK_CENTRO_01] Strategy initialization pending (2 min) |l99.driver.fanuc.strategies.FanucMultiStrategy|
2025/12/09 00:47:24.757|WARN|[f_sim_mqtt_long] Strategy initialization pending (3 min) |l99.driver.fanuc.strategies.FanucMultiStrategy|
2025/12/09 00:47:48.333|WARN|[STARK_TORNO_PILOTO] Strategy initialization pending (3 min) |l99.driver.fanuc.strategies.FanucMultiStrategy|
2025/12/09 00:47:48.409|WARN|[STARK_TORNO_02] Strategy initialization pending (3 min) |l99.driver.fanuc.strategies.FanucMultiStrategy|
2025/12/09 00:47:48.441|WARN|[STARK_CENTRO_01] Strategy initialization pending (3 min) |l99.driver.fanuc.strategies.FanucMultiStrategy|
2025/12/09 00:48:25.631|WARN|[f_sim_mqtt_long] Strategy initialization pending (4 min) |l99.driver.fanuc.strategies.FanucMultiStrategy|
2025/12/09 00:48:54.690|WARN|[STARK_TORNO_PILOTO] Strategy initialization pending (4 min) |l99.driver.fanuc.strategies.FanucMultiStrategy|
2025/12/09 00:48:54.766|WARN|[STARK_TORNO_02] Strategy initialization pending (4 min) |l99.driver.fanuc.strategies.FanucMultiStrategy|
2025/12/09 00:48:54.813|WARN|[STARK_CENTRO_01] Strategy initialization pending (4 min) |l99.driver.fanuc.strategies.FanucMultiStrategy|
2025/12/09 00:49:26.405|WARN|[f_sim_mqtt_long] Strategy initialization pending (5 min) |l99.driver.fanuc.strategies.FanucMultiStrategy|
2025/12/09 00:50:01.003|WARN|[STARK_TORNO_PILOTO] Strategy initialization pending (5 min) |l99.driver.fanuc.strategies.FanucMultiStrategy|
2025/12/09 00:50:01.069|WARN|[STARK_TORNO_02] Strategy initialization pending (5 min) |l99.driver.fanuc.strategies.FanucMultiStrategy|
2025/12/09 00:50:01.123|WARN|[STARK_CENTRO_01] Strategy initialization pending (5 min) |l99.driver.fanuc.strategies.FanucMultiStrategy|
2025/12/09 00:50:27.182|WARN|[f_sim_mqtt_long] Strategy initialization pending (6 min) |l99.driver.fanuc.strategies.FanucMultiStrategy|
2025/12/09 00:51:07.319|WARN|[STARK_TORNO_PILOTO] Strategy initialization pending (6 min) |l99.driver.fanuc.strategies.FanucMultiStrategy|
2025/12/09 00:51:07.365|WARN|[STARK_TORNO_02] Strategy initialization pending (6 min) |l99.driver.fanuc.strategies.FanucMultiStrategy|
2025/12/09 00:51:07.444|WARN|[STARK_CENTRO_01] Strategy initialization pending (6 min) |l99.driver.fanuc.strategies.FanucMultiStrategy|
2025/12/09 00:51:27.952|WARN|[f_sim_mqtt_long] Strategy initialization pending (7 min) |l99.driver.fanuc.strategies.FanucMultiStrategy|
2025/12/09 00:52:13.602|WARN|[STARK_TORNO_PILOTO] Strategy initialization pending (7 min) |l99.driver.fanuc.strategies.FanucMultiStrategy|
2025/12/09 00:52:13.651|WARN|[STARK_TORNO_02] Strategy initialization pending (7 min) |l99.driver.fanuc.strategies.FanucMultiStrategy|
2025/12/09 00:52:13.725|WARN|[STARK_CENTRO_01] Strategy initialization pending (7 min) |l99.driver.fanuc.strategies.FanucMultiStrategy|
2025/12/09 00:52:28.760|WARN|[f_sim_mqtt_long] Strategy initialization pending (8 min) |l99.driver.fanuc.strategies.FanucMultiStrategy|
2025/12/09 00:53:19.920|WARN|[STARK_TORNO_PILOTO] Strategy initialization pending (8 min) |l99.driver.fanuc.strategies.FanucMultiStrategy|
2025/12/09 00:53:19.980|WARN|[STARK_TORNO_02] Strategy initialization pending (8 min) |l99.driver.fanuc.strategies.FanucMultiStrategy|
2025/12/09 00:53:20.016|WARN|[STARK_CENTRO_01] Strategy initialization pending (8 min) |l99.driver.fanuc.strategies.FanucMultiStrategy|
2025/12/09 00:53:29.567|WARN|[f_sim_mqtt_long] Strategy initialization pending (9 min) |l99.driver.fanuc.strategies.FanucMultiStrategy|
2025/12/09 00:54:26.208|WARN|[STARK_TORNO_PILOTO] Strategy initialization pending (9 min) |l99.driver.fanuc.strategies.FanucMultiStrategy|
2025/12/09 00:54:26.309|WARN|[STARK_CENTRO_01] Strategy initialization pending (9 min) |l99.driver.fanuc.strategies.FanucMultiStrategy|
2025/12/09 00:54:26.335|WARN|[STARK_TORNO_02] Strategy initialization pending (9 min) |l99.driver.fanuc.strategies.FanucMultiStrategy|
2025/12/09 00:54:30.298|WARN|[f_sim_mqtt_long] Strategy initialization pending (10 min) |l99.driver.fanuc.strategies.FanucMultiStrategy|
2025/12/09 00:55:31.062|WARN|[f_sim_mqtt_long] Strategy initialization pending (11 min) |l99.driver.fanuc.strategies.FanucMultiStrategy|
2025/12/09 00:55:32.487|WARN|[STARK_TORNO_PILOTO] Strategy initialization pending (10 min) |l99.driver.fanuc.strategies.FanucMultiStrategy|
2025/12/09 00:55:32.631|WARN|[STARK_CENTRO_01] Strategy initialization pending (10 min) |l99.driver.fanuc.strategies.FanucMultiStrategy|
2025/12/09 00:55:32.685|WARN|[STARK_TORNO_02] Strategy initialization pending (10 min) |l99.driver.fanuc.strategies.FanucMultiStrategy|
2025/12/09 00:56:31.871|WARN|[f_sim_mqtt_long] Strategy initialization pending (12 min) |l99.driver.fanuc.strategies.FanucMultiStrategy|
2025/12/09 00:56:38.848|WARN|[STARK_TORNO_PILOTO] Strategy initialization pending (11 min) |l99.driver.fanuc.strategies.FanucMultiStrategy|
2025/12/09 00:56:38.968|WARN|[STARK_CENTRO_01] Strategy initialization pending (11 min) |l99.driver.fanuc.strategies.FanucMultiStrategy|
2025/12/09 00:56:39.014|WARN|[STARK_TORNO_02] Strategy initialization pending (11 min) |l99.driver.fanuc.strategies.FanucMultiStrategy|
2025/12/09 01:12:06.179|DEBUG|Adding machine:
{
  "id": "STARK_TORNO_PILOTO",
  "enabled": true,
  "type": "l99.driver.fanuc.FanucMachine, fanuc",
  "strategy": "l99.driver.fanuc.strategies.FanucMultiStrategy, fanuc",
  "handler": "l99.driver.fanuc.handlers.FanucOne, fanuc",
  "transport": "l99.driver.fanuc.transports.MQTT, fanuc"
} |l99.driver.base.Machines|
2025/12/09 01:12:06.270|DEBUG|[STARK_TORNO_PILOTO] Creating machine, enabled: True |l99.driver.base.Machine|
2025/12/09 01:12:06.270|DEBUG|[STARK_TORNO_PILOTO] Creating veneers holder |l99.driver.base.Veneers|
2025/12/09 01:12:06.283|DEBUG|[STARK_TORNO_PILOTO] Adding 'platform' to property bag. |l99.driver.base.Machine|
2025/12/09 01:12:06.304|DEBUG|[STARK_TORNO_PILOTO] Creating transport: l99.driver.fanuc.transports.MQTT |l99.driver.base.Machine|
2025/12/09 01:12:06.454|INFO|[STARK_TORNO_PILOTO] Connecting broker 'tcp://127.0.0.1:1883/STARK_TORNO_PILOTO': Unspecified/127.0.0.1:1883 |l99.driver.fanuc.transports.MQTT|
2025/12/09 01:12:06.556|INFO|[STARK_TORNO_PILOTO] Connected broker 'tcp://127.0.0.1:1883/STARK_TORNO_PILOTO': Unspecified/127.0.0.1:1883 |l99.driver.fanuc.transports.MQTT|
2025/12/09 01:12:06.556|DEBUG|[STARK_TORNO_PILOTO] Creating strategy: l99.driver.fanuc.strategies.FanucMultiStrategy |l99.driver.base.Machine|
2025/12/09 01:12:06.607|INFO|[STARK_TORNO_PILOTO] Creating collector: l99.driver.fanuc.collectors.MachineInfo, fanuc |l99.driver.fanuc.strategies.FanucMultiStrategy|
2025/12/09 01:12:06.625|INFO|[STARK_TORNO_PILOTO] Creating collector: l99.driver.fanuc.collectors.Alarms, fanuc |l99.driver.fanuc.strategies.FanucMultiStrategy|
2025/12/09 01:12:06.634|INFO|[STARK_TORNO_PILOTO] Creating collector: l99.driver.fanuc.collectors.StateData, fanuc |l99.driver.fanuc.strategies.FanucMultiStrategy|
2025/12/09 01:12:06.634|INFO|[STARK_TORNO_PILOTO] Creating collector: l99.driver.fanuc.collectors.ProductionData, fanuc |l99.driver.fanuc.strategies.FanucMultiStrategy|
2025/12/09 01:12:06.641|INFO|[STARK_TORNO_PILOTO] Creating collector: l99.driver.fanuc.collectors.SpindleData, fanuc |l99.driver.fanuc.strategies.FanucMultiStrategy|
2025/12/09 01:12:06.641|DEBUG|[STARK_TORNO_PILOTO] Creating handler: l99.driver.fanuc.handlers.FanucOne |l99.driver.base.Machine|
2025/12/09 01:12:06.641|DEBUG|Adding machine:
{
  "id": "STARK_TORNO_02",
  "enabled": true,
  "type": "l99.driver.fanuc.FanucMachine, fanuc",
  "strategy": "l99.driver.fanuc.strategies.FanucMultiStrategy, fanuc",
  "handler": "l99.driver.fanuc.handlers.FanucOne, fanuc",
  "transport": "l99.driver.fanuc.transports.MQTT, fanuc"
} |l99.driver.base.Machines|
2025/12/09 01:12:06.655|DEBUG|[STARK_TORNO_02] Creating machine, enabled: True |l99.driver.base.Machine|
2025/12/09 01:12:06.655|DEBUG|[STARK_TORNO_02] Creating veneers holder |l99.driver.base.Veneers|
2025/12/09 01:12:06.655|DEBUG|[STARK_TORNO_02] Adding 'platform' to property bag. |l99.driver.base.Machine|
2025/12/09 01:12:06.655|DEBUG|[STARK_TORNO_02] Creating transport: l99.driver.fanuc.transports.MQTT |l99.driver.base.Machine|
2025/12/09 01:12:06.655|INFO|[STARK_TORNO_02] Connecting broker 'tcp://127.0.0.1:1883/STARK_TORNO_02': Unspecified/127.0.0.1:1883 |l99.driver.fanuc.transports.MQTT|
2025/12/09 01:12:06.655|INFO|[STARK_TORNO_02] Connected broker 'tcp://127.0.0.1:1883/STARK_TORNO_02': Unspecified/127.0.0.1:1883 |l99.driver.fanuc.transports.MQTT|
2025/12/09 01:12:06.655|DEBUG|[STARK_TORNO_02] Creating strategy: l99.driver.fanuc.strategies.FanucMultiStrategy |l99.driver.base.Machine|
2025/12/09 01:12:06.655|INFO|[STARK_TORNO_02] Creating collector: l99.driver.fanuc.collectors.MachineInfo, fanuc |l99.driver.fanuc.strategies.FanucMultiStrategy|
2025/12/09 01:12:06.655|INFO|[STARK_TORNO_02] Creating collector: l99.driver.fanuc.collectors.Alarms, fanuc |l99.driver.fanuc.strategies.FanucMultiStrategy|
2025/12/09 01:12:06.655|INFO|[STARK_TORNO_02] Creating collector: l99.driver.fanuc.collectors.StateData, fanuc |l99.driver.fanuc.strategies.FanucMultiStrategy|
2025/12/09 01:12:06.655|INFO|[STARK_TORNO_02] Creating collector: l99.driver.fanuc.collectors.ProductionData, fanuc |l99.driver.fanuc.strategies.FanucMultiStrategy|
2025/12/09 01:12:06.655|INFO|[STARK_TORNO_02] Creating collector: l99.driver.fanuc.collectors.SpindleData, fanuc |l99.driver.fanuc.strategies.FanucMultiStrategy|
2025/12/09 01:12:06.655|DEBUG|[STARK_TORNO_02] Creating handler: l99.driver.fanuc.handlers.FanucOne |l99.driver.base.Machine|
2025/12/09 01:12:06.655|DEBUG|Adding machine:
{
  "id": "STARK_CENTRO_01",
  "enabled": true,
  "type": "l99.driver.fanuc.FanucMachine, fanuc",
  "strategy": "l99.driver.fanuc.strategies.FanucMultiStrategy, fanuc",
  "handler": "l99.driver.fanuc.handlers.FanucOne, fanuc",
  "transport": "l99.driver.fanuc.transports.MQTT, fanuc"
} |l99.driver.base.Machines|
2025/12/09 01:12:06.655|DEBUG|[STARK_CENTRO_01] Creating machine, enabled: True |l99.driver.base.Machine|
2025/12/09 01:12:06.655|DEBUG|[STARK_CENTRO_01] Creating veneers holder |l99.driver.base.Veneers|
2025/12/09 01:12:06.655|DEBUG|[STARK_CENTRO_01] Adding 'platform' to property bag. |l99.driver.base.Machine|
2025/12/09 01:12:06.655|DEBUG|[STARK_CENTRO_01] Creating transport: l99.driver.fanuc.transports.MQTT |l99.driver.base.Machine|
2025/12/09 01:12:06.655|INFO|[STARK_CENTRO_01] Connecting broker 'tcp://127.0.0.1:1883/STARK_CENTRO_01': Unspecified/127.0.0.1:1883 |l99.driver.fanuc.transports.MQTT|
2025/12/09 01:12:06.655|INFO|[STARK_CENTRO_01] Connected broker 'tcp://127.0.0.1:1883/STARK_CENTRO_01': Unspecified/127.0.0.1:1883 |l99.driver.fanuc.transports.MQTT|
2025/12/09 01:12:06.671|DEBUG|[STARK_CENTRO_01] Creating strategy: l99.driver.fanuc.strategies.FanucMultiStrategy |l99.driver.base.Machine|
2025/12/09 01:12:06.671|INFO|[STARK_CENTRO_01] Creating collector: l99.driver.fanuc.collectors.MachineInfo, fanuc |l99.driver.fanuc.strategies.FanucMultiStrategy|
2025/12/09 01:12:06.671|INFO|[STARK_CENTRO_01] Creating collector: l99.driver.fanuc.collectors.Alarms, fanuc |l99.driver.fanuc.strategies.FanucMultiStrategy|
2025/12/09 01:12:06.671|INFO|[STARK_CENTRO_01] Creating collector: l99.driver.fanuc.collectors.StateData, fanuc |l99.driver.fanuc.strategies.FanucMultiStrategy|
2025/12/09 01:12:06.671|INFO|[STARK_CENTRO_01] Creating collector: l99.driver.fanuc.collectors.ProductionData, fanuc |l99.driver.fanuc.strategies.FanucMultiStrategy|
2025/12/09 01:12:06.671|INFO|[STARK_CENTRO_01] Creating collector: l99.driver.fanuc.collectors.SpindleData, fanuc |l99.driver.fanuc.strategies.FanucMultiStrategy|
2025/12/09 01:12:06.671|DEBUG|[STARK_CENTRO_01] Creating handler: l99.driver.fanuc.handlers.FanucOne |l99.driver.base.Machine|
2025/12/09 01:12:06.671|DEBUG|Adding machine:
{
  "id": "f_sim_mqtt_long",
  "enabled": true,
  "type": "l99.driver.fanuc.FanucMachine, fanuc",
  "strategy": "l99.driver.fanuc.strategies.FanucMultiStrategy, fanuc",
  "handler": "l99.driver.fanuc.handlers.FanucOne, fanuc",
  "transport": "l99.driver.fanuc.transports.MQTT, fanuc"
} |l99.driver.base.Machines|
2025/12/09 01:12:06.671|DEBUG|[f_sim_mqtt_long] Creating machine, enabled: True |l99.driver.base.Machine|
2025/12/09 01:12:06.671|DEBUG|[f_sim_mqtt_long] Creating veneers holder |l99.driver.base.Veneers|
2025/12/09 01:12:06.671|DEBUG|[f_sim_mqtt_long] Adding 'platform' to property bag. |l99.driver.base.Machine|
2025/12/09 01:12:06.671|DEBUG|[f_sim_mqtt_long] Creating transport: l99.driver.fanuc.transports.MQTT |l99.driver.base.Machine|
2025/12/09 01:12:06.671|INFO|[f_sim_mqtt_long] Connecting broker 'tcp://127.0.0.1:1883/f_sim_mqtt_long': Unspecified/127.0.0.1:1883 |l99.driver.fanuc.transports.MQTT|
2025/12/09 01:12:06.671|INFO|[f_sim_mqtt_long] Connected broker 'tcp://127.0.0.1:1883/f_sim_mqtt_long': Unspecified/127.0.0.1:1883 |l99.driver.fanuc.transports.MQTT|
2025/12/09 01:12:06.671|DEBUG|[f_sim_mqtt_long] Creating strategy: l99.driver.fanuc.strategies.FanucMultiStrategy |l99.driver.base.Machine|
2025/12/09 01:12:06.671|INFO|[f_sim_mqtt_long] Creating collector: l99.driver.fanuc.collectors.MachineInfo, fanuc |l99.driver.fanuc.strategies.FanucMultiStrategy|
2025/12/09 01:12:06.671|INFO|[f_sim_mqtt_long] Creating collector: l99.driver.fanuc.collectors.StateData, fanuc |l99.driver.fanuc.strategies.FanucMultiStrategy|
2025/12/09 01:12:06.671|INFO|[f_sim_mqtt_long] Creating collector: l99.driver.fanuc.collectors.ProductionData, fanuc |l99.driver.fanuc.strategies.FanucMultiStrategy|
2025/12/09 01:12:06.671|INFO|[f_sim_mqtt_long] Creating collector: l99.driver.fanuc.collectors.Macro, fanuc |l99.driver.fanuc.strategies.FanucMultiStrategy|
2025/12/09 01:12:06.688|INFO|[f_sim_mqtt_long] Creating collector: l99.driver.fanuc.collectors.Pmc, fanuc |l99.driver.fanuc.strategies.FanucMultiStrategy|
2025/12/09 01:12:06.688|DEBUG|[f_sim_mqtt_long] Creating handler: l99.driver.fanuc.handlers.FanucOne |l99.driver.base.Machine|
2025/12/09 01:12:06.688|INFO|[f_sim_mtc_long] Machine disabled and will not be added |l99.driver.base.Machines|
2025/12/09 01:12:06.688|INFO|[f_sim_spb_long] Machine disabled and will not be added |l99.driver.base.Machines|
2025/12/09 01:12:06.688|INFO|[f_sim_influx_long] Machine disabled and will not be added |l99.driver.base.Machines|
2025/12/09 01:12:06.688|INFO|Machine tasks running |l99.driver.base.Machines|
2025/12/09 01:12:06.703|DEBUG|[STARK_TORNO_PILOTO] Initializing strategy... |l99.driver.base.Machine|
2025/12/09 01:12:06.703|DEBUG|[STARK_TORNO_02] Initializing strategy... |l99.driver.base.Machine|
2025/12/09 01:12:06.703|DEBUG|[STARK_CENTRO_01] Initializing strategy... |l99.driver.base.Machine|
2025/12/09 01:12:06.703|DEBUG|[f_sim_mqtt_long] Initializing strategy... |l99.driver.base.Machine|
2025/12/09 01:12:06.721|INFO|[f_sim_mqtt_long] Strategy initializing |l99.driver.fanuc.strategies.FanucMultiStrategy|
2025/12/09 01:12:06.721|INFO|[STARK_TORNO_PILOTO] Strategy initializing |l99.driver.fanuc.strategies.FanucMultiStrategy|
2025/12/09 01:12:06.721|INFO|[STARK_TORNO_02] Strategy initializing |l99.driver.fanuc.strategies.FanucMultiStrategy|
2025/12/09 01:12:06.721|INFO|[STARK_CENTRO_01] Strategy initializing |l99.driver.fanuc.strategies.FanucMultiStrategy|
2025/12/09 01:12:09.887|WARN|[f_sim_mqtt_long] Strategy initialization pending (0 min) |l99.driver.fanuc.strategies.FanucMultiStrategy|
2025/12/09 01:12:16.811|WARN|[STARK_CENTRO_01] Strategy initialization pending (0 min) |l99.driver.fanuc.strategies.FanucMultiStrategy|
2025/12/09 01:12:16.867|WARN|[STARK_TORNO_02] Strategy initialization pending (0 min) |l99.driver.fanuc.strategies.FanucMultiStrategy|
2025/12/09 01:12:16.889|WARN|[STARK_TORNO_PILOTO] Strategy initialization pending (0 min) |l99.driver.fanuc.strategies.FanucMultiStrategy|
2025/12/09 01:13:10.666|WARN|[f_sim_mqtt_long] Strategy initialization pending (1 min) |l99.driver.fanuc.strategies.FanucMultiStrategy|
2025/12/09 01:13:23.128|WARN|[STARK_CENTRO_01] Strategy initialization pending (1 min) |l99.driver.fanuc.strategies.FanucMultiStrategy|
2025/12/09 01:13:23.178|WARN|[STARK_TORNO_02] Strategy initialization pending (1 min) |l99.driver.fanuc.strategies.FanucMultiStrategy|
2025/12/09 01:13:23.213|WARN|[STARK_TORNO_PILOTO] Strategy initialization pending (1 min) |l99.driver.fanuc.strategies.FanucMultiStrategy|
2025/12/09 01:14:11.475|WARN|[f_sim_mqtt_long] Strategy initialization pending (2 min) |l99.driver.fanuc.strategies.FanucMultiStrategy|
2025/12/09 01:14:29.415|WARN|[STARK_CENTRO_01] Strategy initialization pending (2 min) |l99.driver.fanuc.strategies.FanucMultiStrategy|
2025/12/09 01:14:29.479|WARN|[STARK_TORNO_02] Strategy initialization pending (2 min) |l99.driver.fanuc.strategies.FanucMultiStrategy|
2025/12/09 01:14:29.510|WARN|[STARK_TORNO_PILOTO] Strategy initialization pending (2 min) |l99.driver.fanuc.strategies.FanucMultiStrategy|
2025/12/09 01:15:12.241|WARN|[f_sim_mqtt_long] Strategy initialization pending (3 min) |l99.driver.fanuc.strategies.FanucMultiStrategy|
2025/12/09 01:15:35.706|WARN|[STARK_CENTRO_01] Strategy initialization pending (3 min) |l99.driver.fanuc.strategies.FanucMultiStrategy|
2025/12/09 01:15:35.784|WARN|[STARK_TORNO_02] Strategy initialization pending (3 min) |l99.driver.fanuc.strategies.FanucMultiStrategy|
2025/12/09 01:15:35.817|WARN|[STARK_TORNO_PILOTO] Strategy initialization pending (3 min) |l99.driver.fanuc.strategies.FanucMultiStrategy|
2025/12/09 01:16:12.978|WARN|[f_sim_mqtt_long] Strategy initialization pending (4 min) |l99.driver.fanuc.strategies.FanucMultiStrategy|
2025/12/09 01:16:42.022|WARN|[STARK_CENTRO_01] Strategy initialization pending (4 min) |l99.driver.fanuc.strategies.FanucMultiStrategy|
2025/12/09 01:16:42.102|WARN|[STARK_TORNO_02] Strategy initialization pending (4 min) |l99.driver.fanuc.strategies.FanucMultiStrategy|
2025/12/09 01:16:42.134|WARN|[STARK_TORNO_PILOTO] Strategy initialization pending (4 min) |l99.driver.fanuc.strategies.FanucMultiStrategy|
2025/12/09 01:17:13.758|WARN|[f_sim_mqtt_long] Strategy initialization pending (5 min) |l99.driver.fanuc.strategies.FanucMultiStrategy|
2025/12/09 01:17:48.340|WARN|[STARK_CENTRO_01] Strategy initialization pending (5 min) |l99.driver.fanuc.strategies.FanucMultiStrategy|
2025/12/09 01:17:48.404|WARN|[STARK_TORNO_02] Strategy initialization pending (5 min) |l99.driver.fanuc.strategies.FanucMultiStrategy|
2025/12/09 01:17:48.448|WARN|[STARK_TORNO_PILOTO] Strategy initialization pending (5 min) |l99.driver.fanuc.strategies.FanucMultiStrategy|
2025/12/09 01:18:14.536|WARN|[f_sim_mqtt_long] Strategy initialization pending (6 min) |l99.driver.fanuc.strategies.FanucMultiStrategy|
2025/12/09 01:18:54.645|WARN|[STARK_CENTRO_01] Strategy initialization pending (6 min) |l99.driver.fanuc.strategies.FanucMultiStrategy|
2025/12/09 01:18:54.723|WARN|[STARK_TORNO_02] Strategy initialization pending (6 min) |l99.driver.fanuc.strategies.FanucMultiStrategy|
2025/12/09 01:18:54.784|WARN|[STARK_TORNO_PILOTO] Strategy initialization pending (6 min) |l99.driver.fanuc.strategies.FanucMultiStrategy|
2025/12/09 01:19:15.363|WARN|[f_sim_mqtt_long] Strategy initialization pending (7 min) |l99.driver.fanuc.strategies.FanucMultiStrategy|
2025/12/09 01:20:00.932|WARN|[STARK_CENTRO_01] Strategy initialization pending (7 min) |l99.driver.fanuc.strategies.FanucMultiStrategy|
2025/12/09 01:20:01.025|WARN|[STARK_TORNO_02] Strategy initialization pending (7 min) |l99.driver.fanuc.strategies.FanucMultiStrategy|
2025/12/09 01:20:01.102|WARN|[STARK_TORNO_PILOTO] Strategy initialization pending (7 min) |l99.driver.fanuc.strategies.FanucMultiStrategy|
2025/12/09 01:20:16.187|WARN|[f_sim_mqtt_long] Strategy initialization pending (8 min) |l99.driver.fanuc.strategies.FanucMultiStrategy|
2025/12/09 01:21:07.241|WARN|[STARK_CENTRO_01] Strategy initialization pending (8 min) |l99.driver.fanuc.strategies.FanucMultiStrategy|
2025/12/09 01:21:07.334|WARN|[STARK_TORNO_02] Strategy initialization pending (8 min) |l99.driver.fanuc.strategies.FanucMultiStrategy|
2025/12/09 01:21:07.428|WARN|[STARK_TORNO_PILOTO] Strategy initialization pending (8 min) |l99.driver.fanuc.strategies.FanucMultiStrategy|
2025/12/09 01:21:16.950|WARN|[f_sim_mqtt_long] Strategy initialization pending (9 min) |l99.driver.fanuc.strategies.FanucMultiStrategy|
2025/12/09 01:22:13.536|WARN|[STARK_CENTRO_01] Strategy initialization pending (9 min) |l99.driver.fanuc.strategies.FanucMultiStrategy|
2025/12/09 01:22:13.648|WARN|[STARK_TORNO_02] Strategy initialization pending (9 min) |l99.driver.fanuc.strategies.FanucMultiStrategy|
2025/12/09 01:22:13.752|WARN|[STARK_TORNO_PILOTO] Strategy initialization pending (9 min) |l99.driver.fanuc.strategies.FanucMultiStrategy|
2025/12/09 01:22:17.757|WARN|[f_sim_mqtt_long] Strategy initialization pending (10 min) |l99.driver.fanuc.strategies.FanucMultiStrategy|
2025/12/09 01:23:18.610|WARN|[f_sim_mqtt_long] Strategy initialization pending (11 min) |l99.driver.fanuc.strategies.FanucMultiStrategy|
2025/12/09 01:23:19.864|WARN|[STARK_CENTRO_01] Strategy initialization pending (10 min) |l99.driver.fanuc.strategies.FanucMultiStrategy|
2025/12/09 01:23:19.955|WARN|[STARK_TORNO_02] Strategy initialization pending (10 min) |l99.driver.fanuc.strategies.FanucMultiStrategy|
2025/12/09 01:23:20.067|WARN|[STARK_TORNO_PILOTO] Strategy initialization pending (10 min) |l99.driver.fanuc.strategies.FanucMultiStrategy|
2025/12/09 01:24:19.398|WARN|[f_sim_mqtt_long] Strategy initialization pending (12 min) |l99.driver.fanuc.strategies.FanucMultiStrategy|
2025/12/09 01:24:26.183|WARN|[STARK_CENTRO_01] Strategy initialization pending (11 min) |l99.driver.fanuc.strategies.FanucMultiStrategy|
2025/12/09 01:24:26.261|WARN|[STARK_TORNO_02] Strategy initialization pending (11 min) |l99.driver.fanuc.strategies.FanucMultiStrategy|
2025/12/09 01:24:26.383|WARN|[STARK_TORNO_PILOTO] Strategy initialization pending (11 min) |l99.driver.fanuc.strategies.FanucMultiStrategy|
2025/12/09 01:25:20.216|WARN|[f_sim_mqtt_long] Strategy initialization pending (13 min) |l99.driver.fanuc.strategies.FanucMultiStrategy|
2025/12/09 01:25:32.487|WARN|[STARK_CENTRO_01] Strategy initialization pending (12 min) |l99.driver.fanuc.strategies.FanucMultiStrategy|
2025/12/09 01:25:32.576|WARN|[STARK_TORNO_02] Strategy initialization pending (12 min) |l99.driver.fanuc.strategies.FanucMultiStrategy|
2025/12/09 01:25:32.697|WARN|[STARK_TORNO_PILOTO] Strategy initialization pending (12 min) |l99.driver.fanuc.strategies.FanucMultiStrategy|
2025/12/09 01:26:21.018|WARN|[f_sim_mqtt_long] Strategy initialization pending (14 min) |l99.driver.fanuc.strategies.FanucMultiStrategy|
2025/12/09 01:26:38.852|WARN|[STARK_CENTRO_01] Strategy initialization pending (13 min) |l99.driver.fanuc.strategies.FanucMultiStrategy|
2025/12/09 01:26:38.883|WARN|[STARK_TORNO_02] Strategy initialization pending (13 min) |l99.driver.fanuc.strategies.FanucMultiStrategy|
2025/12/09 01:26:39.018|WARN|[STARK_TORNO_PILOTO] Strategy initialization pending (13 min) |l99.driver.fanuc.strategies.FanucMultiStrategy|
2025/12/09 01:27:21.743|WARN|[f_sim_mqtt_long] Strategy initialization pending (15 min) |l99.driver.fanuc.strategies.FanucMultiStrategy|
2025/12/09 01:27:45.139|WARN|[STARK_CENTRO_01] Strategy initialization pending (14 min) |l99.driver.fanuc.strategies.FanucMultiStrategy|
2025/12/09 01:27:45.184|WARN|[STARK_TORNO_02] Strategy initialization pending (14 min) |l99.driver.fanuc.strategies.FanucMultiStrategy|
2025/12/09 01:27:45.276|WARN|[STARK_TORNO_PILOTO] Strategy initialization pending (14 min) |l99.driver.fanuc.strategies.FanucMultiStrategy|
2025/12/09 01:28:22.503|WARN|[f_sim_mqtt_long] Strategy initialization pending (16 min) |l99.driver.fanuc.strategies.FanucMultiStrategy|
2025/12/09 01:28:51.422|WARN|[STARK_CENTRO_01] Strategy initialization pending (15 min) |l99.driver.fanuc.strategies.FanucMultiStrategy|
2025/12/09 01:28:51.469|WARN|[STARK_TORNO_02] Strategy initialization pending (15 min) |l99.driver.fanuc.strategies.FanucMultiStrategy|
2025/12/09 01:28:51.592|WARN|[STARK_TORNO_PILOTO] Strategy initialization pending (15 min) |l99.driver.fanuc.strategies.FanucMultiStrategy|
2025/12/09 01:29:23.317|WARN|[f_sim_mqtt_long] Strategy initialization pending (17 min) |l99.driver.fanuc.strategies.FanucMultiStrategy|
2025/12/09 01:29:57.731|WARN|[STARK_CENTRO_01] Strategy initialization pending (16 min) |l99.driver.fanuc.strategies.FanucMultiStrategy|
2025/12/09 01:29:57.778|WARN|[STARK_TORNO_02] Strategy initialization pending (16 min) |l99.driver.fanuc.strategies.FanucMultiStrategy|
2025/12/09 01:29:57.884|WARN|[STARK_TORNO_PILOTO] Strategy initialization pending (16 min) |l99.driver.fanuc.strategies.FanucMultiStrategy|
2025/12/09 01:30:24.071|WARN|[f_sim_mqtt_long] Strategy initialization pending (18 min) |l99.driver.fanuc.strategies.FanucMultiStrategy|
2025/12/09 01:31:04.013|WARN|[STARK_CENTRO_01] Strategy initialization pending (17 min) |l99.driver.fanuc.strategies.FanucMultiStrategy|
2025/12/09 01:31:04.058|WARN|[STARK_TORNO_02] Strategy initialization pending (17 min) |l99.driver.fanuc.strategies.FanucMultiStrategy|
2025/12/09 01:31:04.169|WARN|[STARK_TORNO_PILOTO] Strategy initialization pending (17 min) |l99.driver.fanuc.strategies.FanucMultiStrategy|
2025/12/09 01:31:24.754|WARN|[f_sim_mqtt_long] Strategy initialization pending (19 min) |l99.driver.fanuc.strategies.FanucMultiStrategy|
2025/12/09 01:32:10.320|WARN|[STARK_CENTRO_01] Strategy initialization pending (18 min) |l99.driver.fanuc.strategies.FanucMultiStrategy|
2025/12/09 01:32:10.371|WARN|[STARK_TORNO_02] Strategy initialization pending (18 min) |l99.driver.fanuc.strategies.FanucMultiStrategy|
2025/12/09 01:32:10.451|WARN|[STARK_TORNO_PILOTO] Strategy initialization pending (18 min) |l99.driver.fanuc.strategies.FanucMultiStrategy|
2025/12/09 01:32:25.523|WARN|[f_sim_mqtt_long] Strategy initialization pending (20 min) |l99.driver.fanuc.strategies.FanucMultiStrategy|
2025/12/09 01:33:16.598|WARN|[STARK_CENTRO_01] Strategy initialization pending (19 min) |l99.driver.fanuc.strategies.FanucMultiStrategy|
2025/12/09 01:33:16.644|WARN|[STARK_TORNO_02] Strategy initialization pending (19 min) |l99.driver.fanuc.strategies.FanucMultiStrategy|
2025/12/09 01:33:16.753|WARN|[STARK_TORNO_PILOTO] Strategy initialization pending (19 min) |l99.driver.fanuc.strategies.FanucMultiStrategy|
2025/12/09 01:33:26.278|WARN|[f_sim_mqtt_long] Strategy initialization pending (21 min) |l99.driver.fanuc.strategies.FanucMultiStrategy|
2025/12/09 01:34:22.901|WARN|[STARK_CENTRO_01] Strategy initialization pending (20 min) |l99.driver.fanuc.strategies.FanucMultiStrategy|
2025/12/09 01:34:22.932|WARN|[STARK_TORNO_02] Strategy initialization pending (20 min) |l99.driver.fanuc.strategies.FanucMultiStrategy|
2025/12/09 01:34:23.044|WARN|[STARK_TORNO_PILOTO] Strategy initialization pending (20 min) |l99.driver.fanuc.strategies.FanucMultiStrategy|
2025/12/09 01:34:27.029|WARN|[f_sim_mqtt_long] Strategy initialization pending (22 min) |l99.driver.fanuc.strategies.FanucMultiStrategy|
2025/12/09 01:35:27.811|WARN|[f_sim_mqtt_long] Strategy initialization pending (23 min) |l99.driver.fanuc.strategies.FanucMultiStrategy|
2025/12/09 01:35:29.179|WARN|[STARK_CENTRO_01] Strategy initialization pending (21 min) |l99.driver.fanuc.strategies.FanucMultiStrategy|
2025/12/09 01:35:29.226|WARN|[STARK_TORNO_02] Strategy initialization pending (21 min) |l99.driver.fanuc.strategies.FanucMultiStrategy|
2025/12/09 01:35:29.335|WARN|[STARK_TORNO_PILOTO] Strategy initialization pending (21 min) |l99.driver.fanuc.strategies.FanucMultiStrategy|
2025/12/09 01:36:28.543|WARN|[f_sim_mqtt_long] Strategy initialization pending (24 min) |l99.driver.fanuc.strategies.FanucMultiStrategy|
2025/12/09 01:36:35.485|WARN|[STARK_CENTRO_01] Strategy initialization pending (22 min) |l99.driver.fanuc.strategies.FanucMultiStrategy|
2025/12/09 01:36:35.516|WARN|[STARK_TORNO_02] Strategy initialization pending (22 min) |l99.driver.fanuc.strategies.FanucMultiStrategy|
2025/12/09 01:36:35.608|WARN|[STARK_TORNO_PILOTO] Strategy initialization pending (22 min) |l99.driver.fanuc.strategies.FanucMultiStrategy|
2025/12/09 01:37:29.298|WARN|[f_sim_mqtt_long] Strategy initialization pending (25 min) |l99.driver.fanuc.strategies.FanucMultiStrategy|
2025/12/09 01:37:41.783|WARN|[STARK_CENTRO_01] Strategy initialization pending (23 min) |l99.driver.fanuc.strategies.FanucMultiStrategy|
2025/12/09 01:37:41.824|WARN|[STARK_TORNO_02] Strategy initialization pending (23 min) |l99.driver.fanuc.strategies.FanucMultiStrategy|
2025/12/09 01:37:41.932|WARN|[STARK_TORNO_PILOTO] Strategy initialization pending (23 min) |l99.driver.fanuc.strategies.FanucMultiStrategy|
2025/12/09 01:38:30.102|WARN|[f_sim_mqtt_long] Strategy initialization pending (26 min) |l99.driver.fanuc.strategies.FanucMultiStrategy|
2025/12/09 01:38:48.056|WARN|[STARK_CENTRO_01] Strategy initialization pending (24 min) |l99.driver.fanuc.strategies.FanucMultiStrategy|
2025/12/09 01:38:48.102|WARN|[STARK_TORNO_02] Strategy initialization pending (24 min) |l99.driver.fanuc.strategies.FanucMultiStrategy|
2025/12/09 01:38:48.199|WARN|[STARK_TORNO_PILOTO] Strategy initialization pending (24 min) |l99.driver.fanuc.strategies.FanucMultiStrategy|
2025/12/09 01:39:30.870|WARN|[f_sim_mqtt_long] Strategy initialization pending (27 min) |l99.driver.fanuc.strategies.FanucMultiStrategy|
2025/12/09 01:39:54.367|WARN|[STARK_CENTRO_01] Strategy initialization pending (25 min) |l99.driver.fanuc.strategies.FanucMultiStrategy|
2025/12/09 01:39:54.398|WARN|[STARK_TORNO_02] Strategy initialization pending (25 min) |l99.driver.fanuc.strategies.FanucMultiStrategy|
2025/12/09 01:39:54.493|WARN|[STARK_TORNO_PILOTO] Strategy initialization pending (25 min) |l99.driver.fanuc.strategies.FanucMultiStrategy|
2025/12/09 01:40:31.651|WARN|[f_sim_mqtt_long] Strategy initialization pending (28 min) |l99.driver.fanuc.strategies.FanucMultiStrategy|
2025/12/09 01:41:00.681|WARN|[STARK_CENTRO_01] Strategy initialization pending (26 min) |l99.driver.fanuc.strategies.FanucMultiStrategy|
2025/12/09 01:41:00.726|WARN|[STARK_TORNO_02] Strategy initialization pending (26 min) |l99.driver.fanuc.strategies.FanucMultiStrategy|
2025/12/09 01:41:00.775|WARN|[STARK_TORNO_PILOTO] Strategy initialization pending (26 min) |l99.driver.fanuc.strategies.FanucMultiStrategy|
2025/12/09 01:41:32.440|WARN|[f_sim_mqtt_long] Strategy initialization pending (29 min) |l99.driver.fanuc.strategies.FanucMultiStrategy|
2025/12/09 01:42:06.993|WARN|[STARK_CENTRO_01] Strategy initialization pending (27 min) |l99.driver.fanuc.strategies.FanucMultiStrategy|
2025/12/09 01:42:07.034|WARN|[STARK_TORNO_02] Strategy initialization pending (27 min) |l99.driver.fanuc.strategies.FanucMultiStrategy|
2025/12/09 01:42:07.069|WARN|[STARK_TORNO_PILOTO] Strategy initialization pending (27 min) |l99.driver.fanuc.strategies.FanucMultiStrategy|
2025/12/09 01:42:33.178|WARN|[f_sim_mqtt_long] Strategy initialization pending (30 min) |l99.driver.fanuc.strategies.FanucMultiStrategy|
2025/12/09 01:43:13.311|WARN|[STARK_CENTRO_01] Strategy initialization pending (28 min) |l99.driver.fanuc.strategies.FanucMultiStrategy|
2025/12/09 01:43:13.372|WARN|[STARK_TORNO_02] Strategy initialization pending (28 min) |l99.driver.fanuc.strategies.FanucMultiStrategy|
2025/12/09 01:43:13.404|WARN|[STARK_TORNO_PILOTO] Strategy initialization pending (28 min) |l99.driver.fanuc.strategies.FanucMultiStrategy|
2025/12/09 01:43:34.019|WARN|[f_sim_mqtt_long] Strategy initialization pending (31 min) |l99.driver.fanuc.strategies.FanucMultiStrategy|
2025/12/09 01:44:19.622|WARN|[STARK_CENTRO_01] Strategy initialization pending (29 min) |l99.driver.fanuc.strategies.FanucMultiStrategy|
2025/12/09 01:44:19.664|WARN|[STARK_TORNO_02] Strategy initialization pending (29 min) |l99.driver.fanuc.strategies.FanucMultiStrategy|
2025/12/09 01:44:19.711|WARN|[STARK_TORNO_PILOTO] Strategy initialization pending (29 min) |l99.driver.fanuc.strategies.FanucMultiStrategy|
2025/12/09 01:44:34.828|WARN|[f_sim_mqtt_long] Strategy initialization pending (32 min) |l99.driver.fanuc.strategies.FanucMultiStrategy|
2025/12/09 01:45:25.891|WARN|[STARK_CENTRO_01] Strategy initialization pending (30 min) |l99.driver.fanuc.strategies.FanucMultiStrategy|
2025/12/09 01:45:25.954|WARN|[STARK_TORNO_02] Strategy initialization pending (30 min) |l99.driver.fanuc.strategies.FanucMultiStrategy|
2025/12/09 01:45:26.017|WARN|[STARK_TORNO_PILOTO] Strategy initialization pending (30 min) |l99.driver.fanuc.strategies.FanucMultiStrategy|
2025/12/09 01:45:35.579|WARN|[f_sim_mqtt_long] Strategy initialization pending (33 min) |l99.driver.fanuc.strategies.FanucMultiStrategy|
2025/12/09 01:46:32.178|WARN|[STARK_CENTRO_01] Strategy initialization pending (31 min) |l99.driver.fanuc.strategies.FanucMultiStrategy|
2025/12/09 01:46:32.223|WARN|[STARK_TORNO_02] Strategy initialization pending (31 min) |l99.driver.fanuc.strategies.FanucMultiStrategy|
2025/12/09 01:46:32.318|WARN|[STARK_TORNO_PILOTO] Strategy initialization pending (31 min) |l99.driver.fanuc.strategies.FanucMultiStrategy|
2025/12/09 01:46:36.319|WARN|[f_sim_mqtt_long] Strategy initialization pending (34 min) |l99.driver.fanuc.strategies.FanucMultiStrategy|
2025/12/09 01:47:37.042|WARN|[f_sim_mqtt_long] Strategy initialization pending (35 min) |l99.driver.fanuc.strategies.FanucMultiStrategy|
2025/12/09 01:47:38.477|WARN|[STARK_CENTRO_01] Strategy initialization pending (32 min) |l99.driver.fanuc.strategies.FanucMultiStrategy|
2025/12/09 01:47:38.508|WARN|[STARK_TORNO_02] Strategy initialization pending (32 min) |l99.driver.fanuc.strategies.FanucMultiStrategy|
2025/12/09 01:47:38.649|WARN|[STARK_TORNO_PILOTO] Strategy initialization pending (32 min) |l99.driver.fanuc.strategies.FanucMultiStrategy|
2025/12/09 01:48:37.789|WARN|[f_sim_mqtt_long] Strategy initialization pending (36 min) |l99.driver.fanuc.strategies.FanucMultiStrategy|
2025/12/09 01:48:44.815|WARN|[STARK_TORNO_02] Strategy initialization pending (33 min) |l99.driver.fanuc.strategies.FanucMultiStrategy|
2025/12/09 01:48:44.846|WARN|[STARK_CENTRO_01] Strategy initialization pending (33 min) |l99.driver.fanuc.strategies.FanucMultiStrategy|
2025/12/09 01:48:44.893|WARN|[STARK_TORNO_PILOTO] Strategy initialization pending (33 min) |l99.driver.fanuc.strategies.FanucMultiStrategy|
2025/12/09 01:49:38.564|WARN|[f_sim_mqtt_long] Strategy initialization pending (37 min) |l99.driver.fanuc.strategies.FanucMultiStrategy|
2025/12/09 01:49:51.114|WARN|[STARK_TORNO_02] Strategy initialization pending (34 min) |l99.driver.fanuc.strategies.FanucMultiStrategy|
2025/12/09 01:49:51.162|WARN|[STARK_CENTRO_01] Strategy initialization pending (34 min) |l99.driver.fanuc.strategies.FanucMultiStrategy|
2025/12/09 01:49:51.192|WARN|[STARK_TORNO_PILOTO] Strategy initialization pending (34 min) |l99.driver.fanuc.strategies.FanucMultiStrategy|
2025/12/09 01:50:39.341|WARN|[f_sim_mqtt_long] Strategy initialization pending (38 min) |l99.driver.fanuc.strategies.FanucMultiStrategy|
2025/12/09 01:50:57.427|WARN|[STARK_TORNO_02] Strategy initialization pending (35 min) |l99.driver.fanuc.strategies.FanucMultiStrategy|
2025/12/09 01:50:57.487|WARN|[STARK_CENTRO_01] Strategy initialization pending (35 min) |l99.driver.fanuc.strategies.FanucMultiStrategy|
2025/12/09 01:50:57.515|WARN|[STARK_TORNO_PILOTO] Strategy initialization pending (35 min) |l99.driver.fanuc.strategies.FanucMultiStrategy|
2025/12/09 01:51:40.131|WARN|[f_sim_mqtt_long] Strategy initialization pending (39 min) |l99.driver.fanuc.strategies.FanucMultiStrategy|
2025/12/09 01:52:03.717|WARN|[STARK_TORNO_02] Strategy initialization pending (36 min) |l99.driver.fanuc.strategies.FanucMultiStrategy|
2025/12/09 01:52:03.747|WARN|[STARK_CENTRO_01] Strategy initialization pending (36 min) |l99.driver.fanuc.strategies.FanucMultiStrategy|
2025/12/09 01:52:03.826|WARN|[STARK_TORNO_PILOTO] Strategy initialization pending (36 min) |l99.driver.fanuc.strategies.FanucMultiStrategy|
2025/12/09 01:52:40.941|WARN|[f_sim_mqtt_long] Strategy initialization pending (40 min) |l99.driver.fanuc.strategies.FanucMultiStrategy|
2025/12/09 01:53:10.073|WARN|[STARK_TORNO_02] Strategy initialization pending (37 min) |l99.driver.fanuc.strategies.FanucMultiStrategy|
2025/12/09 01:53:10.114|WARN|[STARK_TORNO_PILOTO] Strategy initialization pending (37 min) |l99.driver.fanuc.strategies.FanucMultiStrategy|
2025/12/09 01:53:10.164|WARN|[STARK_CENTRO_01] Strategy initialization pending (37 min) |l99.driver.fanuc.strategies.FanucMultiStrategy|
2025/12/09 01:53:41.738|WARN|[f_sim_mqtt_long] Strategy initialization pending (41 min) |l99.driver.fanuc.strategies.FanucMultiStrategy|
2025/12/09 01:54:16.383|WARN|[STARK_TORNO_02] Strategy initialization pending (38 min) |l99.driver.fanuc.strategies.FanucMultiStrategy|
2025/12/09 01:54:16.427|WARN|[STARK_TORNO_PILOTO] Strategy initialization pending (38 min) |l99.driver.fanuc.strategies.FanucMultiStrategy|
2025/12/09 01:54:16.474|WARN|[STARK_CENTRO_01] Strategy initialization pending (38 min) |l99.driver.fanuc.strategies.FanucMultiStrategy|
2025/12/09 01:54:42.489|WARN|[f_sim_mqtt_long] Strategy initialization pending (42 min) |l99.driver.fanuc.strategies.FanucMultiStrategy|
2025/12/09 01:55:22.684|WARN|[STARK_TORNO_02] Strategy initialization pending (39 min) |l99.driver.fanuc.strategies.FanucMultiStrategy|
2025/12/09 01:55:22.730|WARN|[STARK_TORNO_PILOTO] Strategy initialization pending (39 min) |l99.driver.fanuc.strategies.FanucMultiStrategy|
2025/12/09 01:55:22.778|WARN|[STARK_CENTRO_01] Strategy initialization pending (39 min) |l99.driver.fanuc.strategies.FanucMultiStrategy|
2025/12/09 01:55:43.203|WARN|[f_sim_mqtt_long] Strategy initialization pending (43 min) |l99.driver.fanuc.strategies.FanucMultiStrategy|
2025/12/09 01:56:28.995|WARN|[STARK_TORNO_02] Strategy initialization pending (40 min) |l99.driver.fanuc.strategies.FanucMultiStrategy|
2025/12/09 01:56:29.026|WARN|[STARK_TORNO_PILOTO] Strategy initialization pending (40 min) |l99.driver.fanuc.strategies.FanucMultiStrategy|
2025/12/09 01:56:29.074|WARN|[STARK_CENTRO_01] Strategy initialization pending (40 min) |l99.driver.fanuc.strategies.FanucMultiStrategy|
2025/12/09 01:56:43.931|WARN|[f_sim_mqtt_long] Strategy initialization pending (44 min) |l99.driver.fanuc.strategies.FanucMultiStrategy|
2025/12/09 01:57:35.332|WARN|[STARK_TORNO_02] Strategy initialization pending (41 min) |l99.driver.fanuc.strategies.FanucMultiStrategy|
2025/12/09 01:57:35.379|WARN|[STARK_TORNO_PILOTO] Strategy initialization pending (41 min) |l99.driver.fanuc.strategies.FanucMultiStrategy|
2025/12/09 01:57:35.411|WARN|[STARK_CENTRO_01] Strategy initialization pending (41 min) |l99.driver.fanuc.strategies.FanucMultiStrategy|
2025/12/09 01:57:44.640|WARN|[f_sim_mqtt_long] Strategy initialization pending (45 min) |l99.driver.fanuc.strategies.FanucMultiStrategy|
2025/12/09 01:58:41.644|WARN|[STARK_TORNO_02] Strategy initialization pending (42 min) |l99.driver.fanuc.strategies.FanucMultiStrategy|
2025/12/09 01:58:41.689|WARN|[STARK_TORNO_PILOTO] Strategy initialization pending (42 min) |l99.driver.fanuc.strategies.FanucMultiStrategy|
2025/12/09 01:58:41.719|WARN|[STARK_CENTRO_01] Strategy initialization pending (42 min) |l99.driver.fanuc.strategies.FanucMultiStrategy|
2025/12/09 01:58:45.386|WARN|[f_sim_mqtt_long] Strategy initialization pending (46 min) |l99.driver.fanuc.strategies.FanucMultiStrategy|
2025/12/09 01:59:46.174|WARN|[f_sim_mqtt_long] Strategy initialization pending (47 min) |l99.driver.fanuc.strategies.FanucMultiStrategy|
2025/12/09 01:59:47.951|WARN|[STARK_TORNO_02] Strategy initialization pending (43 min) |l99.driver.fanuc.strategies.FanucMultiStrategy|
2025/12/09 01:59:48.042|WARN|[STARK_TORNO_PILOTO] Strategy initialization pending (43 min) |l99.driver.fanuc.strategies.FanucMultiStrategy|
2025/12/09 01:59:48.074|WARN|[STARK_CENTRO_01] Strategy initialization pending (43 min) |l99.driver.fanuc.strategies.FanucMultiStrategy|
2025/12/09 02:00:46.901|WARN|[f_sim_mqtt_long] Strategy initialization pending (48 min) |l99.driver.fanuc.strategies.FanucMultiStrategy|
2025/12/09 02:00:54.252|WARN|[STARK_TORNO_02] Strategy initialization pending (44 min) |l99.driver.fanuc.strategies.FanucMultiStrategy|
2025/12/09 02:00:54.330|WARN|[STARK_TORNO_PILOTO] Strategy initialization pending (44 min) |l99.driver.fanuc.strategies.FanucMultiStrategy|
2025/12/09 02:00:54.362|WARN|[STARK_CENTRO_01] Strategy initialization pending (44 min) |l99.driver.fanuc.strategies.FanucMultiStrategy|
2025/12/09 02:01:47.787|WARN|[f_sim_mqtt_long] Strategy initialization pending (49 min) |l99.driver.fanuc.strategies.FanucMultiStrategy|
2025/12/09 02:02:00.569|WARN|[STARK_TORNO_02] Strategy initialization pending (45 min) |l99.driver.fanuc.strategies.FanucMultiStrategy|
2025/12/09 02:02:00.599|WARN|[STARK_TORNO_PILOTO] Strategy initialization pending (45 min) |l99.driver.fanuc.strategies.FanucMultiStrategy|
2025/12/09 02:02:00.663|WARN|[STARK_CENTRO_01] Strategy initialization pending (45 min) |l99.driver.fanuc.strategies.FanucMultiStrategy|
2025/12/09 02:02:48.553|WARN|[f_sim_mqtt_long] Strategy initialization pending (50 min) |l99.driver.fanuc.strategies.FanucMultiStrategy|
2025/12/09 02:03:06.882|WARN|[STARK_TORNO_02] Strategy initialization pending (46 min) |l99.driver.fanuc.strategies.FanucMultiStrategy|
2025/12/09 02:03:06.929|WARN|[STARK_TORNO_PILOTO] Strategy initialization pending (46 min) |l99.driver.fanuc.strategies.FanucMultiStrategy|
2025/12/09 02:03:06.966|WARN|[STARK_CENTRO_01] Strategy initialization pending (46 min) |l99.driver.fanuc.strategies.FanucMultiStrategy|
2025/12/09 02:03:49.354|WARN|[f_sim_mqtt_long] Strategy initialization pending (51 min) |l99.driver.fanuc.strategies.FanucMultiStrategy|
2025/12/09 02:04:13.205|WARN|[STARK_TORNO_02] Strategy initialization pending (47 min) |l99.driver.fanuc.strategies.FanucMultiStrategy|
2025/12/09 02:04:13.266|WARN|[STARK_TORNO_PILOTO] Strategy initialization pending (47 min) |l99.driver.fanuc.strategies.FanucMultiStrategy|
2025/12/09 02:04:13.329|WARN|[STARK_CENTRO_01] Strategy initialization pending (47 min) |l99.driver.fanuc.strategies.FanucMultiStrategy|
2025/12/09 02:04:50.110|WARN|[f_sim_mqtt_long] Strategy initialization pending (52 min) |l99.driver.fanuc.strategies.FanucMultiStrategy|
2025/12/09 02:05:19.517|WARN|[STARK_TORNO_02] Strategy initialization pending (48 min) |l99.driver.fanuc.strategies.FanucMultiStrategy|
2025/12/09 02:05:19.554|WARN|[STARK_TORNO_PILOTO] Strategy initialization pending (48 min) |l99.driver.fanuc.strategies.FanucMultiStrategy|
2025/12/09 02:05:19.601|WARN|[STARK_CENTRO_01] Strategy initialization pending (48 min) |l99.driver.fanuc.strategies.FanucMultiStrategy|
2025/12/09 02:05:50.882|WARN|[f_sim_mqtt_long] Strategy initialization pending (53 min) |l99.driver.fanuc.strategies.FanucMultiStrategy|
2025/12/09 02:06:25.794|WARN|[STARK_TORNO_02] Strategy initialization pending (49 min) |l99.driver.fanuc.strategies.FanucMultiStrategy|
2025/12/09 02:06:25.824|WARN|[STARK_TORNO_PILOTO] Strategy initialization pending (49 min) |l99.driver.fanuc.strategies.FanucMultiStrategy|
2025/12/09 02:06:25.871|WARN|[STARK_CENTRO_01] Strategy initialization pending (49 min) |l99.driver.fanuc.strategies.FanucMultiStrategy|
2025/12/09 02:06:51.613|WARN|[f_sim_mqtt_long] Strategy initialization pending (54 min) |l99.driver.fanuc.strategies.FanucMultiStrategy|
2025/12/09 02:07:32.103|WARN|[STARK_TORNO_02] Strategy initialization pending (50 min) |l99.driver.fanuc.strategies.FanucMultiStrategy|
2025/12/09 02:07:32.139|WARN|[STARK_TORNO_PILOTO] Strategy initialization pending (50 min) |l99.driver.fanuc.strategies.FanucMultiStrategy|
2025/12/09 02:07:32.194|WARN|[STARK_CENTRO_01] Strategy initialization pending (50 min) |l99.driver.fanuc.strategies.FanucMultiStrategy|
2025/12/09 02:07:52.312|WARN|[f_sim_mqtt_long] Strategy initialization pending (55 min) |l99.driver.fanuc.strategies.FanucMultiStrategy|
2025/12/09 02:08:38.432|WARN|[STARK_TORNO_PILOTO] Strategy initialization pending (51 min) |l99.driver.fanuc.strategies.FanucMultiStrategy|
2025/12/09 02:08:38.432|WARN|[STARK_TORNO_02] Strategy initialization pending (51 min) |l99.driver.fanuc.strategies.FanucMultiStrategy|
2025/12/09 02:08:38.478|WARN|[STARK_CENTRO_01] Strategy initialization pending (51 min) |l99.driver.fanuc.strategies.FanucMultiStrategy|
2025/12/09 02:08:53.072|WARN|[f_sim_mqtt_long] Strategy initialization pending (56 min) |l99.driver.fanuc.strategies.FanucMultiStrategy|
2025/12/09 02:09:44.718|WARN|[STARK_TORNO_PILOTO] Strategy initialization pending (52 min) |l99.driver.fanuc.strategies.FanucMultiStrategy|
2025/12/09 02:09:44.749|WARN|[STARK_TORNO_02] Strategy initialization pending (52 min) |l99.driver.fanuc.strategies.FanucMultiStrategy|
2025/12/09 02:09:44.780|WARN|[STARK_CENTRO_01] Strategy initialization pending (52 min) |l99.driver.fanuc.strategies.FanucMultiStrategy|
2025/12/09 02:09:53.799|WARN|[f_sim_mqtt_long] Strategy initialization pending (57 min) |l99.driver.fanuc.strategies.FanucMultiStrategy|
2025/12/09 02:10:51.014|WARN|[STARK_TORNO_PILOTO] Strategy initialization pending (53 min) |l99.driver.fanuc.strategies.FanucMultiStrategy|
2025/12/09 02:10:51.091|WARN|[STARK_TORNO_02] Strategy initialization pending (53 min) |l99.driver.fanuc.strategies.FanucMultiStrategy|
2025/12/09 02:10:51.123|WARN|[STARK_CENTRO_01] Strategy initialization pending (53 min) |l99.driver.fanuc.strategies.FanucMultiStrategy|
2025/12/09 02:10:54.587|WARN|[f_sim_mqtt_long] Strategy initialization pending (58 min) |l99.driver.fanuc.strategies.FanucMultiStrategy|
2025/12/09 02:11:55.373|WARN|[f_sim_mqtt_long] Strategy initialization pending (59 min) |l99.driver.fanuc.strategies.FanucMultiStrategy|
2025/12/09 02:11:57.304|WARN|[STARK_TORNO_PILOTO] Strategy initialization pending (54 min) |l99.driver.fanuc.strategies.FanucMultiStrategy|
2025/12/09 02:11:57.384|WARN|[STARK_TORNO_02] Strategy initialization pending (54 min) |l99.driver.fanuc.strategies.FanucMultiStrategy|
2025/12/09 02:11:57.430|WARN|[STARK_CENTRO_01] Strategy initialization pending (54 min) |l99.driver.fanuc.strategies.FanucMultiStrategy|
2025/12/09 02:12:56.161|WARN|[f_sim_mqtt_long] Strategy initialization pending (60 min) |l99.driver.fanuc.strategies.FanucMultiStrategy|
2025/12/09 02:13:03.583|WARN|[STARK_TORNO_PILOTO] Strategy initialization pending (55 min) |l99.driver.fanuc.strategies.FanucMultiStrategy|
2025/12/09 02:13:03.662|WARN|[STARK_TORNO_02] Strategy initialization pending (55 min) |l99.driver.fanuc.strategies.FanucMultiStrategy|
2025/12/09 02:13:03.727|WARN|[STARK_CENTRO_01] Strategy initialization pending (55 min) |l99.driver.fanuc.strategies.FanucMultiStrategy|
2025/12/09 02:13:56.950|WARN|[f_sim_mqtt_long] Strategy initialization pending (61 min) |l99.driver.fanuc.strategies.FanucMultiStrategy|
2025/12/09 02:14:09.890|WARN|[STARK_TORNO_PILOTO] Strategy initialization pending (56 min) |l99.driver.fanuc.strategies.FanucMultiStrategy|
2025/12/09 02:14:09.934|WARN|[STARK_TORNO_02] Strategy initialization pending (56 min) |l99.driver.fanuc.strategies.FanucMultiStrategy|
2025/12/09 02:14:10.048|WARN|[STARK_CENTRO_01] Strategy initialization pending (56 min) |l99.driver.fanuc.strategies.FanucMultiStrategy|
2025/12/09 02:14:57.770|WARN|[f_sim_mqtt_long] Strategy initialization pending (62 min) |l99.driver.fanuc.strategies.FanucMultiStrategy|
2025/12/09 02:15:16.174|WARN|[STARK_TORNO_PILOTO] Strategy initialization pending (57 min) |l99.driver.fanuc.strategies.FanucMultiStrategy|
2025/12/09 02:15:16.206|WARN|[STARK_TORNO_02] Strategy initialization pending (57 min) |l99.driver.fanuc.strategies.FanucMultiStrategy|
2025/12/09 02:15:16.333|WARN|[STARK_CENTRO_01] Strategy initialization pending (57 min) |l99.driver.fanuc.strategies.FanucMultiStrategy|
2025/12/09 02:15:58.580|WARN|[f_sim_mqtt_long] Strategy initialization pending (63 min) |l99.driver.fanuc.strategies.FanucMultiStrategy|
2025/12/09 02:16:22.454|WARN|[STARK_TORNO_PILOTO] Strategy initialization pending (58 min) |l99.driver.fanuc.strategies.FanucMultiStrategy|
2025/12/09 02:16:22.515|WARN|[STARK_TORNO_02] Strategy initialization pending (58 min) |l99.driver.fanuc.strategies.FanucMultiStrategy|
2025/12/09 02:16:22.640|WARN|[STARK_CENTRO_01] Strategy initialization pending (58 min) |l99.driver.fanuc.strategies.FanucMultiStrategy|
2025/12/09 02:16:59.326|WARN|[f_sim_mqtt_long] Strategy initialization pending (64 min) |l99.driver.fanuc.strategies.FanucMultiStrategy|
2025/12/09 02:17:28.737|WARN|[STARK_TORNO_PILOTO] Strategy initialization pending (59 min) |l99.driver.fanuc.strategies.FanucMultiStrategy|
2025/12/09 02:17:28.798|WARN|[STARK_TORNO_02] Strategy initialization pending (59 min) |l99.driver.fanuc.strategies.FanucMultiStrategy|
2025/12/09 02:17:28.921|WARN|[STARK_CENTRO_01] Strategy initialization pending (59 min) |l99.driver.fanuc.strategies.FanucMultiStrategy|
2025/12/09 02:18:00.132|WARN|[f_sim_mqtt_long] Strategy initialization pending (65 min) |l99.driver.fanuc.strategies.FanucMultiStrategy|
2025/12/09 02:18:35.023|WARN|[STARK_TORNO_PILOTO] Strategy initialization pending (60 min) |l99.driver.fanuc.strategies.FanucMultiStrategy|
2025/12/09 02:18:35.070|WARN|[STARK_TORNO_02] Strategy initialization pending (60 min) |l99.driver.fanuc.strategies.FanucMultiStrategy|
2025/12/09 02:18:35.209|WARN|[STARK_CENTRO_01] Strategy initialization pending (60 min) |l99.driver.fanuc.strategies.FanucMultiStrategy|
2025/12/09 02:19:00.908|WARN|[f_sim_mqtt_long] Strategy initialization pending (66 min) |l99.driver.fanuc.strategies.FanucMultiStrategy|
2025/12/09 02:19:41.335|WARN|[STARK_TORNO_PILOTO] Strategy initialization pending (61 min) |l99.driver.fanuc.strategies.FanucMultiStrategy|
2025/12/09 02:19:41.396|WARN|[STARK_TORNO_02] Strategy initialization pending (61 min) |l99.driver.fanuc.strategies.FanucMultiStrategy|
2025/12/09 02:19:41.524|WARN|[STARK_CENTRO_01] Strategy initialization pending (61 min) |l99.driver.fanuc.strategies.FanucMultiStrategy|
2025/12/09 02:20:01.638|WARN|[f_sim_mqtt_long] Strategy initialization pending (67 min) |l99.driver.fanuc.strategies.FanucMultiStrategy|
2025/12/09 02:20:47.635|WARN|[STARK_TORNO_PILOTO] Strategy initialization pending (62 min) |l99.driver.fanuc.strategies.FanucMultiStrategy|
2025/12/09 02:20:47.716|WARN|[STARK_TORNO_02] Strategy initialization pending (62 min) |l99.driver.fanuc.strategies.FanucMultiStrategy|
2025/12/09 02:20:47.823|WARN|[STARK_CENTRO_01] Strategy initialization pending (62 min) |l99.driver.fanuc.strategies.FanucMultiStrategy|
2025/12/09 02:21:02.382|WARN|[f_sim_mqtt_long] Strategy initialization pending (68 min) |l99.driver.fanuc.strategies.FanucMultiStrategy|
2025/12/09 02:21:53.931|WARN|[STARK_TORNO_PILOTO] Strategy initialization pending (63 min) |l99.driver.fanuc.strategies.FanucMultiStrategy|
2025/12/09 02:21:53.998|WARN|[STARK_TORNO_02] Strategy initialization pending (63 min) |l99.driver.fanuc.strategies.FanucMultiStrategy|
2025/12/09 02:21:54.109|WARN|[STARK_CENTRO_01] Strategy initialization pending (63 min) |l99.driver.fanuc.strategies.FanucMultiStrategy|
2025/12/09 02:22:03.095|WARN|[f_sim_mqtt_long] Strategy initialization pending (69 min) |l99.driver.fanuc.strategies.FanucMultiStrategy|
2025/12/09 02:23:00.244|WARN|[STARK_TORNO_PILOTO] Strategy initialization pending (64 min) |l99.driver.fanuc.strategies.FanucMultiStrategy|
2025/12/09 02:23:00.337|WARN|[STARK_TORNO_02] Strategy initialization pending (64 min) |l99.driver.fanuc.strategies.FanucMultiStrategy|
2025/12/09 02:23:00.430|WARN|[STARK_CENTRO_01] Strategy initialization pending (64 min) |l99.driver.fanuc.strategies.FanucMultiStrategy|
2025/12/09 02:23:03.870|WARN|[f_sim_mqtt_long] Strategy initialization pending (70 min) |l99.driver.fanuc.strategies.FanucMultiStrategy|
2025/12/09 02:24:04.599|WARN|[f_sim_mqtt_long] Strategy initialization pending (71 min) |l99.driver.fanuc.strategies.FanucMultiStrategy|
2025/12/09 02:24:06.566|WARN|[STARK_TORNO_PILOTO] Strategy initialization pending (65 min) |l99.driver.fanuc.strategies.FanucMultiStrategy|
2025/12/09 02:24:06.612|WARN|[STARK_TORNO_02] Strategy initialization pending (65 min) |l99.driver.fanuc.strategies.FanucMultiStrategy|
2025/12/09 02:24:06.727|WARN|[STARK_CENTRO_01] Strategy initialization pending (65 min) |l99.driver.fanuc.strategies.FanucMultiStrategy|
2025/12/09 03:15:35.351|WARN|[STARK_CENTRO_01] Strategy initialization pending (66 min) |l99.driver.fanuc.strategies.FanucMultiStrategy|
2025/12/09 03:15:35.364|WARN|[STARK_TORNO_PILOTO] Strategy initialization pending (66 min) |l99.driver.fanuc.strategies.FanucMultiStrategy|
2025/12/09 03:15:35.377|WARN|[f_sim_mqtt_long] Strategy initialization pending (72 min) |l99.driver.fanuc.strategies.FanucMultiStrategy|
2025/12/09 03:15:35.406|WARN|[STARK_TORNO_02] Strategy initialization pending (66 min) |l99.driver.fanuc.strategies.FanucMultiStrategy|
2025/12/09 05:20:12.851|WARN|[STARK_TORNO_PILOTO] Strategy initialization pending (67 min) |l99.driver.fanuc.strategies.FanucMultiStrategy|
2025/12/09 05:20:12.878|WARN|[STARK_CENTRO_01] Strategy initialization pending (67 min) |l99.driver.fanuc.strategies.FanucMultiStrategy|
2025/12/09 05:20:12.891|WARN|[f_sim_mqtt_long] Strategy initialization pending (73 min) |l99.driver.fanuc.strategies.FanucMultiStrategy|
2025/12/09 05:20:12.918|WARN|[STARK_TORNO_02] Strategy initialization pending (67 min) |l99.driver.fanuc.strategies.FanucMultiStrategy|
2025/12/09 05:21:13.747|WARN|[f_sim_mqtt_long] Strategy initialization pending (74 min) |l99.driver.fanuc.strategies.FanucMultiStrategy|
2025/12/09 05:21:19.194|WARN|[STARK_TORNO_PILOTO] Strategy initialization pending (68 min) |l99.driver.fanuc.strategies.FanucMultiStrategy|
2025/12/09 05:21:19.267|WARN|[STARK_TORNO_02] Strategy initialization pending (68 min) |l99.driver.fanuc.strategies.FanucMultiStrategy|
2025/12/09 05:21:19.315|WARN|[STARK_CENTRO_01] Strategy initialization pending (68 min) |l99.driver.fanuc.strategies.FanucMultiStrategy|
2025/12/09 05:22:14.650|WARN|[f_sim_mqtt_long] Strategy initialization pending (75 min) |l99.driver.fanuc.strategies.FanucMultiStrategy|
2025/12/09 05:22:25.536|WARN|[STARK_TORNO_PILOTO] Strategy initialization pending (69 min) |l99.driver.fanuc.strategies.FanucMultiStrategy|
2025/12/09 05:22:25.610|WARN|[STARK_TORNO_02] Strategy initialization pending (69 min) |l99.driver.fanuc.strategies.FanucMultiStrategy|
2025/12/09 05:22:25.661|WARN|[STARK_CENTRO_01] Strategy initialization pending (69 min) |l99.driver.fanuc.strategies.FanucMultiStrategy|
2025/12/09 05:23:15.564|WARN|[f_sim_mqtt_long] Strategy initialization pending (76 min) |l99.driver.fanuc.strategies.FanucMultiStrategy|
2025/12/09 05:32:31.580|DEBUG|Adding machine:
{
  "id": "STARK_TORNO_PILOTO",
  "enabled": true,
  "type": "l99.driver.fanuc.FanucMachine, fanuc",
  "strategy": "l99.driver.fanuc.strategies.FanucMultiStrategy, fanuc",
  "handler": "l99.driver.fanuc.handlers.FanucOne, fanuc",
  "transport": "l99.driver.fanuc.transports.MQTT, fanuc"
} |l99.driver.base.Machines|
2025/12/09 05:32:31.694|DEBUG|[STARK_TORNO_PILOTO] Creating machine, enabled: True |l99.driver.base.Machine|
2025/12/09 05:32:31.694|DEBUG|[STARK_TORNO_PILOTO] Creating veneers holder |l99.driver.base.Veneers|
2025/12/09 05:32:32.464|DEBUG|[STARK_TORNO_PILOTO] Adding 'platform' to property bag. |l99.driver.base.Machine|
2025/12/09 05:32:32.511|DEBUG|[STARK_TORNO_PILOTO] Creating transport: l99.driver.fanuc.transports.MQTT |l99.driver.base.Machine|
2025/12/09 05:32:35.356|INFO|[STARK_TORNO_PILOTO] Connecting broker 'tcp://127.0.0.1:1883/STARK_TORNO_PILOTO': Unspecified/127.0.0.1:1883 |l99.driver.fanuc.transports.MQTT|
2025/12/09 05:32:36.696|INFO|[STARK_TORNO_PILOTO] Connected broker 'tcp://127.0.0.1:1883/STARK_TORNO_PILOTO': Unspecified/127.0.0.1:1883 |l99.driver.fanuc.transports.MQTT|
2025/12/09 05:32:36.711|DEBUG|[STARK_TORNO_PILOTO] Creating strategy: l99.driver.fanuc.strategies.FanucMultiStrategy |l99.driver.base.Machine|
2025/12/09 05:32:36.968|INFO|[STARK_TORNO_PILOTO] Creating collector: l99.driver.fanuc.collectors.MachineInfo, fanuc |l99.driver.fanuc.strategies.FanucMultiStrategy|
2025/12/09 05:32:37.088|INFO|[STARK_TORNO_PILOTO] Creating collector: l99.driver.fanuc.collectors.Alarms, fanuc |l99.driver.fanuc.strategies.FanucMultiStrategy|
2025/12/09 05:32:37.097|INFO|[STARK_TORNO_PILOTO] Creating collector: l99.driver.fanuc.collectors.StateData, fanuc |l99.driver.fanuc.strategies.FanucMultiStrategy|
2025/12/09 05:32:37.097|INFO|[STARK_TORNO_PILOTO] Creating collector: l99.driver.fanuc.collectors.ProductionData, fanuc |l99.driver.fanuc.strategies.FanucMultiStrategy|
2025/12/09 05:32:37.111|INFO|[STARK_TORNO_PILOTO] Creating collector: l99.driver.fanuc.collectors.SpindleData, fanuc |l99.driver.fanuc.strategies.FanucMultiStrategy|
2025/12/09 05:32:37.111|DEBUG|[STARK_TORNO_PILOTO] Creating handler: l99.driver.fanuc.handlers.FanucOne |l99.driver.base.Machine|
2025/12/09 05:32:37.211|DEBUG|Adding machine:
{
  "id": "STARK_TORNO_02",
  "enabled": true,
  "type": "l99.driver.fanuc.FanucMachine, fanuc",
  "strategy": "l99.driver.fanuc.strategies.FanucMultiStrategy, fanuc",
  "handler": "l99.driver.fanuc.handlers.FanucOne, fanuc",
  "transport": "l99.driver.fanuc.transports.MQTT, fanuc"
} |l99.driver.base.Machines|
2025/12/09 05:32:37.211|DEBUG|[STARK_TORNO_02] Creating machine, enabled: True |l99.driver.base.Machine|
2025/12/09 05:32:37.211|DEBUG|[STARK_TORNO_02] Creating veneers holder |l99.driver.base.Veneers|
2025/12/09 05:32:37.222|DEBUG|[STARK_TORNO_02] Adding 'platform' to property bag. |l99.driver.base.Machine|
2025/12/09 05:32:37.222|DEBUG|[STARK_TORNO_02] Creating transport: l99.driver.fanuc.transports.MQTT |l99.driver.base.Machine|
2025/12/09 05:32:37.222|INFO|[STARK_TORNO_02] Connecting broker 'tcp://127.0.0.1:1883/STARK_TORNO_02': Unspecified/127.0.0.1:1883 |l99.driver.fanuc.transports.MQTT|
2025/12/09 05:32:37.259|INFO|[STARK_TORNO_02] Connected broker 'tcp://127.0.0.1:1883/STARK_TORNO_02': Unspecified/127.0.0.1:1883 |l99.driver.fanuc.transports.MQTT|
2025/12/09 05:32:37.259|DEBUG|[STARK_TORNO_02] Creating strategy: l99.driver.fanuc.strategies.FanucMultiStrategy |l99.driver.base.Machine|
2025/12/09 05:32:37.259|INFO|[STARK_TORNO_02] Creating collector: l99.driver.fanuc.collectors.MachineInfo, fanuc |l99.driver.fanuc.strategies.FanucMultiStrategy|
2025/12/09 05:32:37.259|INFO|[STARK_TORNO_02] Creating collector: l99.driver.fanuc.collectors.Alarms, fanuc |l99.driver.fanuc.strategies.FanucMultiStrategy|
2025/12/09 05:32:37.259|INFO|[STARK_TORNO_02] Creating collector: l99.driver.fanuc.collectors.StateData, fanuc |l99.driver.fanuc.strategies.FanucMultiStrategy|
2025/12/09 05:32:37.259|INFO|[STARK_TORNO_02] Creating collector: l99.driver.fanuc.collectors.ProductionData, fanuc |l99.driver.fanuc.strategies.FanucMultiStrategy|
2025/12/09 05:32:37.259|INFO|[STARK_TORNO_02] Creating collector: l99.driver.fanuc.collectors.SpindleData, fanuc |l99.driver.fanuc.strategies.FanucMultiStrategy|
2025/12/09 05:32:37.259|DEBUG|[STARK_TORNO_02] Creating handler: l99.driver.fanuc.handlers.FanucOne |l99.driver.base.Machine|
2025/12/09 05:32:37.259|DEBUG|Adding machine:
{
  "id": "STARK_CENTRO_01",
  "enabled": true,
  "type": "l99.driver.fanuc.FanucMachine, fanuc",
  "strategy": "l99.driver.fanuc.strategies.FanucMultiStrategy, fanuc",
  "handler": "l99.driver.fanuc.handlers.FanucOne, fanuc",
  "transport": "l99.driver.fanuc.transports.MQTT, fanuc"
} |l99.driver.base.Machines|
2025/12/09 05:32:37.259|DEBUG|[STARK_CENTRO_01] Creating machine, enabled: True |l99.driver.base.Machine|
2025/12/09 05:32:37.259|DEBUG|[STARK_CENTRO_01] Creating veneers holder |l99.driver.base.Veneers|
2025/12/09 05:32:37.265|DEBUG|[STARK_CENTRO_01] Adding 'platform' to property bag. |l99.driver.base.Machine|
2025/12/09 05:32:37.265|DEBUG|[STARK_CENTRO_01] Creating transport: l99.driver.fanuc.transports.MQTT |l99.driver.base.Machine|
2025/12/09 05:32:37.265|INFO|[STARK_CENTRO_01] Connecting broker 'tcp://127.0.0.1:1883/STARK_CENTRO_01': Unspecified/127.0.0.1:1883 |l99.driver.fanuc.transports.MQTT|
2025/12/09 05:32:37.265|INFO|[STARK_CENTRO_01] Connected broker 'tcp://127.0.0.1:1883/STARK_CENTRO_01': Unspecified/127.0.0.1:1883 |l99.driver.fanuc.transports.MQTT|
2025/12/09 05:32:37.265|DEBUG|[STARK_CENTRO_01] Creating strategy: l99.driver.fanuc.strategies.FanucMultiStrategy |l99.driver.base.Machine|
2025/12/09 05:32:37.281|INFO|[STARK_CENTRO_01] Creating collector: l99.driver.fanuc.collectors.MachineInfo, fanuc |l99.driver.fanuc.strategies.FanucMultiStrategy|
2025/12/09 05:32:37.281|INFO|[STARK_CENTRO_01] Creating collector: l99.driver.fanuc.collectors.Alarms, fanuc |l99.driver.fanuc.strategies.FanucMultiStrategy|
2025/12/09 05:32:37.281|INFO|[STARK_CENTRO_01] Creating collector: l99.driver.fanuc.collectors.StateData, fanuc |l99.driver.fanuc.strategies.FanucMultiStrategy|
2025/12/09 05:32:37.281|INFO|[STARK_CENTRO_01] Creating collector: l99.driver.fanuc.collectors.ProductionData, fanuc |l99.driver.fanuc.strategies.FanucMultiStrategy|
2025/12/09 05:32:37.281|INFO|[STARK_CENTRO_01] Creating collector: l99.driver.fanuc.collectors.SpindleData, fanuc |l99.driver.fanuc.strategies.FanucMultiStrategy|
2025/12/09 05:32:37.281|DEBUG|[STARK_CENTRO_01] Creating handler: l99.driver.fanuc.handlers.FanucOne |l99.driver.base.Machine|
2025/12/09 05:32:37.281|INFO|[f_sim_mqtt_long] Machine disabled and will not be added |l99.driver.base.Machines|
2025/12/09 05:32:37.281|INFO|[f_sim_mtc_long] Machine disabled and will not be added |l99.driver.base.Machines|
2025/12/09 05:32:37.281|INFO|[f_sim_spb_long] Machine disabled and will not be added |l99.driver.base.Machines|
2025/12/09 05:32:37.281|INFO|[f_sim_influx_long] Machine disabled and will not be added |l99.driver.base.Machines|
2025/12/09 05:32:37.297|INFO|Machine tasks running |l99.driver.base.Machines|
2025/12/09 05:32:37.297|DEBUG|[STARK_TORNO_PILOTO] Initializing strategy... |l99.driver.base.Machine|
2025/12/09 05:32:37.297|DEBUG|[STARK_CENTRO_01] Initializing strategy... |l99.driver.base.Machine|
2025/12/09 05:32:37.329|INFO|[STARK_CENTRO_01] Strategy initializing |l99.driver.fanuc.strategies.FanucMultiStrategy|
2025/12/09 05:32:37.329|INFO|[STARK_TORNO_PILOTO] Strategy initializing |l99.driver.fanuc.strategies.FanucMultiStrategy|
2025/12/09 05:32:38.182|DEBUG|[STARK_TORNO_02] Initializing strategy... |l99.driver.base.Machine|
2025/12/09 05:32:38.182|INFO|[STARK_TORNO_02] Strategy initializing |l99.driver.fanuc.strategies.FanucMultiStrategy|
2025/12/09 05:32:48.865|WARN|[STARK_TORNO_02] Strategy initialization pending (0 min) |l99.driver.fanuc.strategies.FanucMultiStrategy|
2025/12/09 05:32:49.083|WARN|[STARK_TORNO_PILOTO] Strategy initialization pending (0 min) |l99.driver.fanuc.strategies.FanucMultiStrategy|
2025/12/09 05:32:49.375|WARN|[STARK_CENTRO_01] Strategy initialization pending (0 min) |l99.driver.fanuc.strategies.FanucMultiStrategy|
2025/12/09 05:33:55.166|WARN|[STARK_TORNO_02] Strategy initialization pending (1 min) |l99.driver.fanuc.strategies.FanucMultiStrategy|
2025/12/09 05:33:55.366|WARN|[STARK_TORNO_PILOTO] Strategy initialization pending (1 min) |l99.driver.fanuc.strategies.FanucMultiStrategy|
2025/12/09 05:33:55.681|WARN|[STARK_CENTRO_01] Strategy initialization pending (1 min) |l99.driver.fanuc.strategies.FanucMultiStrategy|
2025/12/09 05:35:01.482|WARN|[STARK_TORNO_02] Strategy initialization pending (2 min) |l99.driver.fanuc.strategies.FanucMultiStrategy|
2025/12/09 05:35:01.636|WARN|[STARK_TORNO_PILOTO] Strategy initialization pending (2 min) |l99.driver.fanuc.strategies.FanucMultiStrategy|
2025/12/09 05:35:01.982|WARN|[STARK_CENTRO_01] Strategy initialization pending (2 min) |l99.driver.fanuc.strategies.FanucMultiStrategy|
2025/12/09 05:36:07.778|WARN|[STARK_TORNO_02] Strategy initialization pending (3 min) |l99.driver.fanuc.strategies.FanucMultiStrategy|
2025/12/09 05:36:07.920|WARN|[STARK_TORNO_PILOTO] Strategy initialization pending (3 min) |l99.driver.fanuc.strategies.FanucMultiStrategy|
2025/12/09 05:36:08.312|WARN|[STARK_CENTRO_01] Strategy initialization pending (3 min) |l99.driver.fanuc.strategies.FanucMultiStrategy|
2025/12/09 05:37:14.086|WARN|[STARK_TORNO_02] Strategy initialization pending (4 min) |l99.driver.fanuc.strategies.FanucMultiStrategy|
2025/12/09 05:37:14.228|WARN|[STARK_TORNO_PILOTO] Strategy initialization pending (4 min) |l99.driver.fanuc.strategies.FanucMultiStrategy|
2025/12/09 05:37:14.602|WARN|[STARK_CENTRO_01] Strategy initialization pending (4 min) |l99.driver.fanuc.strategies.FanucMultiStrategy|
2025/12/09 05:38:20.375|WARN|[STARK_TORNO_02] Strategy initialization pending (5 min) |l99.driver.fanuc.strategies.FanucMultiStrategy|
2025/12/09 05:38:20.501|WARN|[STARK_TORNO_PILOTO] Strategy initialization pending (5 min) |l99.driver.fanuc.strategies.FanucMultiStrategy|
2025/12/09 05:38:20.887|WARN|[STARK_CENTRO_01] Strategy initialization pending (5 min) |l99.driver.fanuc.strategies.FanucMultiStrategy|
2025/12/09 05:39:26.679|WARN|[STARK_TORNO_02] Strategy initialization pending (6 min) |l99.driver.fanuc.strategies.FanucMultiStrategy|
2025/12/09 05:39:26.786|WARN|[STARK_TORNO_PILOTO] Strategy initialization pending (6 min) |l99.driver.fanuc.strategies.FanucMultiStrategy|
2025/12/09 05:39:27.173|WARN|[STARK_CENTRO_01] Strategy initialization pending (6 min) |l99.driver.fanuc.strategies.FanucMultiStrategy|
2025/12/09 05:40:33.012|WARN|[STARK_TORNO_02] Strategy initialization pending (7 min) |l99.driver.fanuc.strategies.FanucMultiStrategy|
2025/12/09 05:40:33.083|WARN|[STARK_TORNO_PILOTO] Strategy initialization pending (7 min) |l99.driver.fanuc.strategies.FanucMultiStrategy|
2025/12/09 05:40:33.480|WARN|[STARK_CENTRO_01] Strategy initialization pending (7 min) |l99.driver.fanuc.strategies.FanucMultiStrategy|
2025/12/09 05:41:39.301|WARN|[STARK_TORNO_02] Strategy initialization pending (8 min) |l99.driver.fanuc.strategies.FanucMultiStrategy|
2025/12/09 05:41:39.381|WARN|[STARK_TORNO_PILOTO] Strategy initialization pending (8 min) |l99.driver.fanuc.strategies.FanucMultiStrategy|
2025/12/09 05:41:39.782|WARN|[STARK_CENTRO_01] Strategy initialization pending (8 min) |l99.driver.fanuc.strategies.FanucMultiStrategy|
2025/12/09 05:42:45.620|WARN|[STARK_TORNO_02] Strategy initialization pending (9 min) |l99.driver.fanuc.strategies.FanucMultiStrategy|
2025/12/09 05:42:45.698|WARN|[STARK_TORNO_PILOTO] Strategy initialization pending (9 min) |l99.driver.fanuc.strategies.FanucMultiStrategy|
2025/12/09 05:42:46.071|WARN|[STARK_CENTRO_01] Strategy initialization pending (9 min) |l99.driver.fanuc.strategies.FanucMultiStrategy|
2025/12/09 05:43:51.928|WARN|[STARK_TORNO_02] Strategy initialization pending (10 min) |l99.driver.fanuc.strategies.FanucMultiStrategy|
2025/12/09 05:43:51.979|WARN|[STARK_TORNO_PILOTO] Strategy initialization pending (10 min) |l99.driver.fanuc.strategies.FanucMultiStrategy|
2025/12/09 05:43:52.368|WARN|[STARK_CENTRO_01] Strategy initialization pending (10 min) |l99.driver.fanuc.strategies.FanucMultiStrategy|
2025/12/09 05:44:58.268|WARN|[STARK_TORNO_02] Strategy initialization pending (11 min) |l99.driver.fanuc.strategies.FanucMultiStrategy|
2025/12/09 05:44:58.314|WARN|[STARK_TORNO_PILOTO] Strategy initialization pending (11 min) |l99.driver.fanuc.strategies.FanucMultiStrategy|
2025/12/09 05:44:58.670|WARN|[STARK_CENTRO_01] Strategy initialization pending (11 min) |l99.driver.fanuc.strategies.FanucMultiStrategy|
2025/12/09 05:46:04.555|WARN|[STARK_TORNO_02] Strategy initialization pending (12 min) |l99.driver.fanuc.strategies.FanucMultiStrategy|
2025/12/09 05:46:04.602|WARN|[STARK_TORNO_PILOTO] Strategy initialization pending (12 min) |l99.driver.fanuc.strategies.FanucMultiStrategy|
2025/12/09 05:46:04.954|WARN|[STARK_CENTRO_01] Strategy initialization pending (12 min) |l99.driver.fanuc.strategies.FanucMultiStrategy|
2025/12/09 05:47:10.875|WARN|[STARK_TORNO_02] Strategy initialization pending (13 min) |l99.driver.fanuc.strategies.FanucMultiStrategy|
2025/12/09 05:47:10.903|WARN|[STARK_TORNO_PILOTO] Strategy initialization pending (13 min) |l99.driver.fanuc.strategies.FanucMultiStrategy|
2025/12/09 05:47:11.249|WARN|[STARK_CENTRO_01] Strategy initialization pending (13 min) |l99.driver.fanuc.strategies.FanucMultiStrategy|
2025/12/09 05:48:17.118|WARN|[STARK_TORNO_02] Strategy initialization pending (14 min) |l99.driver.fanuc.strategies.FanucMultiStrategy|
2025/12/09 05:48:17.181|WARN|[STARK_TORNO_PILOTO] Strategy initialization pending (14 min) |l99.driver.fanuc.strategies.FanucMultiStrategy|
2025/12/09 05:48:17.524|WARN|[STARK_CENTRO_01] Strategy initialization pending (14 min) |l99.driver.fanuc.strategies.FanucMultiStrategy|
2025/12/09 05:49:23.406|WARN|[STARK_TORNO_02] Strategy initialization pending (15 min) |l99.driver.fanuc.strategies.FanucMultiStrategy|
2025/12/09 05:49:23.437|WARN|[STARK_TORNO_PILOTO] Strategy initialization pending (15 min) |l99.driver.fanuc.strategies.FanucMultiStrategy|
2025/12/09 05:49:23.797|WARN|[STARK_CENTRO_01] Strategy initialization pending (15 min) |l99.driver.fanuc.strategies.FanucMultiStrategy|
2025/12/09 05:50:29.709|WARN|[STARK_TORNO_02] Strategy initialization pending (16 min) |l99.driver.fanuc.strategies.FanucMultiStrategy|
2025/12/09 05:50:29.742|WARN|[STARK_TORNO_PILOTO] Strategy initialization pending (16 min) |l99.driver.fanuc.strategies.FanucMultiStrategy|
2025/12/09 05:50:30.066|WARN|[STARK_CENTRO_01] Strategy initialization pending (16 min) |l99.driver.fanuc.strategies.FanucMultiStrategy|
2025/12/09 05:51:36.014|WARN|[STARK_TORNO_02] Strategy initialization pending (17 min) |l99.driver.fanuc.strategies.FanucMultiStrategy|
2025/12/09 05:51:36.046|WARN|[STARK_TORNO_PILOTO] Strategy initialization pending (17 min) |l99.driver.fanuc.strategies.FanucMultiStrategy|
2025/12/09 05:51:36.358|WARN|[STARK_CENTRO_01] Strategy initialization pending (17 min) |l99.driver.fanuc.strategies.FanucMultiStrategy|
2025/12/09 05:52:42.424|WARN|[STARK_TORNO_02] Strategy initialization pending (18 min) |l99.driver.fanuc.strategies.FanucMultiStrategy|
2025/12/09 05:52:42.424|WARN|[STARK_TORNO_PILOTO] Strategy initialization pending (18 min) |l99.driver.fanuc.strategies.FanucMultiStrategy|
2025/12/09 05:52:42.639|WARN|[STARK_CENTRO_01] Strategy initialization pending (18 min) |l99.driver.fanuc.strategies.FanucMultiStrategy|
2025/12/09 05:53:48.745|WARN|[STARK_TORNO_02] Strategy initialization pending (19 min) |l99.driver.fanuc.strategies.FanucMultiStrategy|
2025/12/09 05:53:48.792|WARN|[STARK_TORNO_PILOTO] Strategy initialization pending (19 min) |l99.driver.fanuc.strategies.FanucMultiStrategy|
2025/12/09 05:53:48.902|WARN|[STARK_CENTRO_01] Strategy initialization pending (19 min) |l99.driver.fanuc.strategies.FanucMultiStrategy|
2025/12/09 05:54:55.028|WARN|[STARK_TORNO_02] Strategy initialization pending (20 min) |l99.driver.fanuc.strategies.FanucMultiStrategy|
2025/12/09 05:54:55.066|WARN|[STARK_TORNO_PILOTO] Strategy initialization pending (20 min) |l99.driver.fanuc.strategies.FanucMultiStrategy|
2025/12/09 05:54:55.166|WARN|[STARK_CENTRO_01] Strategy initialization pending (20 min) |l99.driver.fanuc.strategies.FanucMultiStrategy|
2025/12/09 05:56:01.302|WARN|[STARK_TORNO_02] Strategy initialization pending (21 min) |l99.driver.fanuc.strategies.FanucMultiStrategy|
2025/12/09 05:56:01.349|WARN|[STARK_TORNO_PILOTO] Strategy initialization pending (21 min) |l99.driver.fanuc.strategies.FanucMultiStrategy|
2025/12/09 05:56:01.438|WARN|[STARK_CENTRO_01] Strategy initialization pending (21 min) |l99.driver.fanuc.strategies.FanucMultiStrategy|
2025/12/09 05:57:07.568|WARN|[STARK_TORNO_02] Strategy initialization pending (22 min) |l99.driver.fanuc.strategies.FanucMultiStrategy|
2025/12/09 05:57:07.609|WARN|[STARK_TORNO_PILOTO] Strategy initialization pending (22 min) |l99.driver.fanuc.strategies.FanucMultiStrategy|
2025/12/09 05:57:07.675|WARN|[STARK_CENTRO_01] Strategy initialization pending (22 min) |l99.driver.fanuc.strategies.FanucMultiStrategy|
2025/12/09 05:58:13.798|WARN|[STARK_TORNO_02] Strategy initialization pending (23 min) |l99.driver.fanuc.strategies.FanucMultiStrategy|
2025/12/09 05:58:13.858|WARN|[STARK_TORNO_PILOTO] Strategy initialization pending (23 min) |l99.driver.fanuc.strategies.FanucMultiStrategy|
2025/12/09 05:58:13.908|WARN|[STARK_CENTRO_01] Strategy initialization pending (23 min) |l99.driver.fanuc.strategies.FanucMultiStrategy|
2025/12/09 05:59:20.077|WARN|[STARK_TORNO_02] Strategy initialization pending (24 min) |l99.driver.fanuc.strategies.FanucMultiStrategy|
2025/12/09 05:59:20.127|WARN|[STARK_TORNO_PILOTO] Strategy initialization pending (24 min) |l99.driver.fanuc.strategies.FanucMultiStrategy|
2025/12/09 05:59:20.158|WARN|[STARK_CENTRO_01] Strategy initialization pending (24 min) |l99.driver.fanuc.strategies.FanucMultiStrategy|
2025/12/09 06:00:26.326|WARN|[STARK_TORNO_02] Strategy initialization pending (25 min) |l99.driver.fanuc.strategies.FanucMultiStrategy|
2025/12/09 06:00:26.390|WARN|[STARK_TORNO_PILOTO] Strategy initialization pending (25 min) |l99.driver.fanuc.strategies.FanucMultiStrategy|
2025/12/09 06:00:26.422|WARN|[STARK_CENTRO_01] Strategy initialization pending (25 min) |l99.driver.fanuc.strategies.FanucMultiStrategy|
2025/12/09 06:01:32.583|WARN|[STARK_TORNO_02] Strategy initialization pending (26 min) |l99.driver.fanuc.strategies.FanucMultiStrategy|
2025/12/09 06:01:32.614|WARN|[STARK_TORNO_PILOTO] Strategy initialization pending (26 min) |l99.driver.fanuc.strategies.FanucMultiStrategy|
2025/12/09 06:01:32.647|WARN|[STARK_CENTRO_01] Strategy initialization pending (26 min) |l99.driver.fanuc.strategies.FanucMultiStrategy|
2025/12/09 06:02:38.842|WARN|[STARK_TORNO_02] Strategy initialization pending (27 min) |l99.driver.fanuc.strategies.FanucMultiStrategy|
2025/12/09 06:02:38.935|WARN|[STARK_TORNO_PILOTO] Strategy initialization pending (27 min) |l99.driver.fanuc.strategies.FanucMultiStrategy|
2025/12/09 06:02:38.967|WARN|[STARK_CENTRO_01] Strategy initialization pending (27 min) |l99.driver.fanuc.strategies.FanucMultiStrategy|
2025/12/09 06:03:45.103|WARN|[STARK_TORNO_02] Strategy initialization pending (28 min) |l99.driver.fanuc.strategies.FanucMultiStrategy|
2025/12/09 06:03:45.150|WARN|[STARK_TORNO_PILOTO] Strategy initialization pending (28 min) |l99.driver.fanuc.strategies.FanucMultiStrategy|
2025/12/09 06:03:45.196|WARN|[STARK_CENTRO_01] Strategy initialization pending (28 min) |l99.driver.fanuc.strategies.FanucMultiStrategy|
2025/12/09 06:04:51.356|WARN|[STARK_TORNO_02] Strategy initialization pending (29 min) |l99.driver.fanuc.strategies.FanucMultiStrategy|
2025/12/09 06:04:51.388|WARN|[STARK_TORNO_PILOTO] Strategy initialization pending (29 min) |l99.driver.fanuc.strategies.FanucMultiStrategy|
2025/12/09 06:04:51.419|WARN|[STARK_CENTRO_01] Strategy initialization pending (29 min) |l99.driver.fanuc.strategies.FanucMultiStrategy|
2025/12/09 06:05:57.627|WARN|[STARK_TORNO_02] Strategy initialization pending (30 min) |l99.driver.fanuc.strategies.FanucMultiStrategy|
2025/12/09 06:05:57.673|WARN|[STARK_TORNO_PILOTO] Strategy initialization pending (30 min) |l99.driver.fanuc.strategies.FanucMultiStrategy|
2025/12/09 06:05:57.673|WARN|[STARK_CENTRO_01] Strategy initialization pending (30 min) |l99.driver.fanuc.strategies.FanucMultiStrategy|
2025/12/09 06:07:03.888|WARN|[STARK_TORNO_02] Strategy initialization pending (31 min) |l99.driver.fanuc.strategies.FanucMultiStrategy|
2025/12/09 06:07:03.936|WARN|[STARK_CENTRO_01] Strategy initialization pending (31 min) |l99.driver.fanuc.strategies.FanucMultiStrategy|
2025/12/09 06:07:03.976|WARN|[STARK_TORNO_PILOTO] Strategy initialization pending (31 min) |l99.driver.fanuc.strategies.FanucMultiStrategy|
2025/12/09 06:08:10.162|WARN|[STARK_TORNO_02] Strategy initialization pending (32 min) |l99.driver.fanuc.strategies.FanucMultiStrategy|
2025/12/09 06:08:10.206|WARN|[STARK_CENTRO_01] Strategy initialization pending (32 min) |l99.driver.fanuc.strategies.FanucMultiStrategy|
2025/12/09 06:08:10.238|WARN|[STARK_TORNO_PILOTO] Strategy initialization pending (32 min) |l99.driver.fanuc.strategies.FanucMultiStrategy|
2025/12/09 13:05:19.027|DEBUG|Adding machine:
{
  "id": "STARK_TORNO_PILOTO",
  "enabled": true,
  "type": "l99.driver.fanuc.FanucMachine, fanuc",
  "strategy": "l99.driver.fanuc.strategies.FanucMultiStrategy, fanuc",
  "handler": "l99.driver.fanuc.handlers.FanucOne, fanuc",
  "transport": "l99.driver.fanuc.transports.MQTT, fanuc"
} |l99.driver.base.Machines|
2025/12/09 13:05:19.141|DEBUG|[STARK_TORNO_PILOTO] Creating machine, enabled: True |l99.driver.base.Machine|
2025/12/09 13:05:19.141|DEBUG|[STARK_TORNO_PILOTO] Creating veneers holder |l99.driver.base.Veneers|
2025/12/09 13:05:19.158|DEBUG|[STARK_TORNO_PILOTO] Adding 'platform' to property bag. |l99.driver.base.Machine|
2025/12/09 13:05:19.190|DEBUG|[STARK_TORNO_PILOTO] Creating transport: l99.driver.fanuc.transports.MQTT |l99.driver.base.Machine|
2025/12/09 13:05:19.393|INFO|[STARK_TORNO_PILOTO] Connecting broker 'tcp://127.0.0.1:1883/STARK_TORNO_PILOTO': Unspecified/127.0.0.1:1883 |l99.driver.fanuc.transports.MQTT|
2025/12/09 13:05:19.544|INFO|[STARK_TORNO_PILOTO] Connected broker 'tcp://127.0.0.1:1883/STARK_TORNO_PILOTO': Unspecified/127.0.0.1:1883 |l99.driver.fanuc.transports.MQTT|
2025/12/09 13:05:19.544|DEBUG|[STARK_TORNO_PILOTO] Creating strategy: l99.driver.fanuc.strategies.FanucMultiStrategy |l99.driver.base.Machine|
2025/12/09 13:05:19.606|INFO|[STARK_TORNO_PILOTO] Creating collector: l99.driver.fanuc.collectors.MachineInfo, fanuc |l99.driver.fanuc.strategies.FanucMultiStrategy|
2025/12/09 13:05:19.625|INFO|[STARK_TORNO_PILOTO] Creating collector: l99.driver.fanuc.collectors.Alarms, fanuc |l99.driver.fanuc.strategies.FanucMultiStrategy|
2025/12/09 13:05:19.650|INFO|[STARK_TORNO_PILOTO] Creating collector: l99.driver.fanuc.collectors.StateData, fanuc |l99.driver.fanuc.strategies.FanucMultiStrategy|
2025/12/09 13:05:19.652|INFO|[STARK_TORNO_PILOTO] Creating collector: l99.driver.fanuc.collectors.ProductionData, fanuc |l99.driver.fanuc.strategies.FanucMultiStrategy|
2025/12/09 13:05:19.652|INFO|[STARK_TORNO_PILOTO] Creating collector: l99.driver.fanuc.collectors.SpindleData, fanuc |l99.driver.fanuc.strategies.FanucMultiStrategy|
2025/12/09 13:05:19.652|DEBUG|[STARK_TORNO_PILOTO] Creating handler: l99.driver.fanuc.handlers.FanucOne |l99.driver.base.Machine|
2025/12/09 13:05:19.674|DEBUG|Adding machine:
{
  "id": "STARK_TORNO_02",
  "enabled": true,
  "type": "l99.driver.fanuc.FanucMachine, fanuc",
  "strategy": "l99.driver.fanuc.strategies.FanucMultiStrategy, fanuc",
  "handler": "l99.driver.fanuc.handlers.FanucOne, fanuc",
  "transport": "l99.driver.fanuc.transports.MQTT, fanuc"
} |l99.driver.base.Machines|
2025/12/09 13:05:19.674|DEBUG|[STARK_TORNO_02] Creating machine, enabled: True |l99.driver.base.Machine|
2025/12/09 13:05:19.674|DEBUG|[STARK_TORNO_02] Creating veneers holder |l99.driver.base.Veneers|
2025/12/09 13:05:19.674|DEBUG|[STARK_TORNO_02] Adding 'platform' to property bag. |l99.driver.base.Machine|
2025/12/09 13:05:19.674|DEBUG|[STARK_TORNO_02] Creating transport: l99.driver.fanuc.transports.MQTT |l99.driver.base.Machine|
2025/12/09 13:05:19.674|INFO|[STARK_TORNO_02] Connecting broker 'tcp://127.0.0.1:1883/STARK_TORNO_02': Unspecified/127.0.0.1:1883 |l99.driver.fanuc.transports.MQTT|
2025/12/09 13:05:19.688|INFO|[STARK_TORNO_02] Connected broker 'tcp://127.0.0.1:1883/STARK_TORNO_02': Unspecified/127.0.0.1:1883 |l99.driver.fanuc.transports.MQTT|
2025/12/09 13:05:19.688|DEBUG|[STARK_TORNO_02] Creating strategy: l99.driver.fanuc.strategies.FanucMultiStrategy |l99.driver.base.Machine|
2025/12/09 13:05:19.688|INFO|[STARK_TORNO_02] Creating collector: l99.driver.fanuc.collectors.MachineInfo, fanuc |l99.driver.fanuc.strategies.FanucMultiStrategy|
2025/12/09 13:05:19.688|INFO|[STARK_TORNO_02] Creating collector: l99.driver.fanuc.collectors.Alarms, fanuc |l99.driver.fanuc.strategies.FanucMultiStrategy|
2025/12/09 13:05:19.688|INFO|[STARK_TORNO_02] Creating collector: l99.driver.fanuc.collectors.StateData, fanuc |l99.driver.fanuc.strategies.FanucMultiStrategy|
2025/12/09 13:05:19.688|INFO|[STARK_TORNO_02] Creating collector: l99.driver.fanuc.collectors.ProductionData, fanuc |l99.driver.fanuc.strategies.FanucMultiStrategy|
2025/12/09 13:05:19.699|INFO|[STARK_TORNO_02] Creating collector: l99.driver.fanuc.collectors.SpindleData, fanuc |l99.driver.fanuc.strategies.FanucMultiStrategy|
2025/12/09 13:05:19.699|DEBUG|[STARK_TORNO_02] Creating handler: l99.driver.fanuc.handlers.FanucOne |l99.driver.base.Machine|
2025/12/09 13:05:19.699|DEBUG|Adding machine:
{
  "id": "STARK_CENTRO_01",
  "enabled": true,
  "type": "l99.driver.fanuc.FanucMachine, fanuc",
  "strategy": "l99.driver.fanuc.strategies.FanucMultiStrategy, fanuc",
  "handler": "l99.driver.fanuc.handlers.FanucOne, fanuc",
  "transport": "l99.driver.fanuc.transports.MQTT, fanuc"
} |l99.driver.base.Machines|
2025/12/09 13:05:19.699|DEBUG|[STARK_CENTRO_01] Creating machine, enabled: True |l99.driver.base.Machine|
2025/12/09 13:05:19.699|DEBUG|[STARK_CENTRO_01] Creating veneers holder |l99.driver.base.Veneers|
2025/12/09 13:05:19.699|DEBUG|[STARK_CENTRO_01] Adding 'platform' to property bag. |l99.driver.base.Machine|
2025/12/09 13:05:19.699|DEBUG|[STARK_CENTRO_01] Creating transport: l99.driver.fanuc.transports.MQTT |l99.driver.base.Machine|
2025/12/09 13:05:19.699|INFO|[STARK_CENTRO_01] Connecting broker 'tcp://127.0.0.1:1883/STARK_CENTRO_01': Unspecified/127.0.0.1:1883 |l99.driver.fanuc.transports.MQTT|
2025/12/09 13:05:19.699|INFO|[STARK_CENTRO_01] Connected broker 'tcp://127.0.0.1:1883/STARK_CENTRO_01': Unspecified/127.0.0.1:1883 |l99.driver.fanuc.transports.MQTT|
2025/12/09 13:05:19.699|DEBUG|[STARK_CENTRO_01] Creating strategy: l99.driver.fanuc.strategies.FanucMultiStrategy |l99.driver.base.Machine|
2025/12/09 13:05:19.714|INFO|[STARK_CENTRO_01] Creating collector: l99.driver.fanuc.collectors.MachineInfo, fanuc |l99.driver.fanuc.strategies.FanucMultiStrategy|
2025/12/09 13:05:19.714|INFO|[STARK_CENTRO_01] Creating collector: l99.driver.fanuc.collectors.Alarms, fanuc |l99.driver.fanuc.strategies.FanucMultiStrategy|
2025/12/09 13:05:19.714|INFO|[STARK_CENTRO_01] Creating collector: l99.driver.fanuc.collectors.StateData, fanuc |l99.driver.fanuc.strategies.FanucMultiStrategy|
2025/12/09 13:05:19.714|INFO|[STARK_CENTRO_01] Creating collector: l99.driver.fanuc.collectors.ProductionData, fanuc |l99.driver.fanuc.strategies.FanucMultiStrategy|
2025/12/09 13:05:19.714|INFO|[STARK_CENTRO_01] Creating collector: l99.driver.fanuc.collectors.SpindleData, fanuc |l99.driver.fanuc.strategies.FanucMultiStrategy|
2025/12/09 13:05:19.714|DEBUG|[STARK_CENTRO_01] Creating handler: l99.driver.fanuc.handlers.FanucOne |l99.driver.base.Machine|
2025/12/09 13:05:19.714|INFO|[f_sim_mqtt_long] Machine disabled and will not be added |l99.driver.base.Machines|
2025/12/09 13:05:19.714|INFO|[f_sim_mtc_long] Machine disabled and will not be added |l99.driver.base.Machines|
2025/12/09 13:05:19.714|INFO|[f_sim_spb_long] Machine disabled and will not be added |l99.driver.base.Machines|
2025/12/09 13:05:19.714|INFO|[f_sim_influx_long] Machine disabled and will not be added |l99.driver.base.Machines|
2025/12/09 13:05:19.732|INFO|Machine tasks running |l99.driver.base.Machines|
2025/12/09 13:05:19.732|DEBUG|[STARK_TORNO_PILOTO] Initializing strategy... |l99.driver.base.Machine|
2025/12/09 13:05:19.732|DEBUG|[STARK_CENTRO_01] Initializing strategy... |l99.driver.base.Machine|
2025/12/09 13:05:19.732|DEBUG|[STARK_TORNO_02] Initializing strategy... |l99.driver.base.Machine|
2025/12/09 13:05:19.761|INFO|[STARK_CENTRO_01] Strategy initializing |l99.driver.fanuc.strategies.FanucMultiStrategy|
2025/12/09 13:05:19.761|INFO|[STARK_TORNO_PILOTO] Strategy initializing |l99.driver.fanuc.strategies.FanucMultiStrategy|
2025/12/09 13:05:19.761|INFO|[STARK_TORNO_02] Strategy initializing |l99.driver.fanuc.strategies.FanucMultiStrategy|
2025/12/09 13:05:29.948|WARN|[STARK_TORNO_PILOTO] Strategy initialization pending (0 min) |l99.driver.fanuc.strategies.FanucMultiStrategy|
2025/12/09 13:05:29.973|WARN|[STARK_TORNO_02] Strategy initialization pending (0 min) |l99.driver.fanuc.strategies.FanucMultiStrategy|
2025/12/09 13:05:30.011|WARN|[STARK_CENTRO_01] Strategy initialization pending (0 min) |l99.driver.fanuc.strategies.FanucMultiStrategy|
2025/12/09 13:06:36.283|WARN|[STARK_TORNO_PILOTO] Strategy initialization pending (1 min) |l99.driver.fanuc.strategies.FanucMultiStrategy|
2025/12/09 13:06:36.353|WARN|[STARK_CENTRO_01] Strategy initialization pending (1 min) |l99.driver.fanuc.strategies.FanucMultiStrategy|
2025/12/09 13:06:36.395|WARN|[STARK_TORNO_02] Strategy initialization pending (1 min) |l99.driver.fanuc.strategies.FanucMultiStrategy|
2025/12/09 13:07:42.575|WARN|[STARK_TORNO_PILOTO] Strategy initialization pending (2 min) |l99.driver.fanuc.strategies.FanucMultiStrategy|
2025/12/09 13:07:42.651|WARN|[STARK_CENTRO_01] Strategy initialization pending (2 min) |l99.driver.fanuc.strategies.FanucMultiStrategy|
2025/12/09 13:07:42.684|WARN|[STARK_TORNO_02] Strategy initialization pending (2 min) |l99.driver.fanuc.strategies.FanucMultiStrategy|
2025/12/09 13:08:48.846|WARN|[STARK_TORNO_PILOTO] Strategy initialization pending (3 min) |l99.driver.fanuc.strategies.FanucMultiStrategy|
2025/12/09 13:08:48.940|WARN|[STARK_CENTRO_01] Strategy initialization pending (3 min) |l99.driver.fanuc.strategies.FanucMultiStrategy|
2025/12/09 13:08:49.003|WARN|[STARK_TORNO_02] Strategy initialization pending (3 min) |l99.driver.fanuc.strategies.FanucMultiStrategy|
2025/12/09 13:09:55.151|WARN|[STARK_TORNO_PILOTO] Strategy initialization pending (4 min) |l99.driver.fanuc.strategies.FanucMultiStrategy|
2025/12/09 13:09:55.196|WARN|[STARK_CENTRO_01] Strategy initialization pending (4 min) |l99.driver.fanuc.strategies.FanucMultiStrategy|
2025/12/09 13:09:55.273|WARN|[STARK_TORNO_02] Strategy initialization pending (4 min) |l99.driver.fanuc.strategies.FanucMultiStrategy|
2025/12/09 13:11:01.465|WARN|[STARK_TORNO_PILOTO] Strategy initialization pending (5 min) |l99.driver.fanuc.strategies.FanucMultiStrategy|
2025/12/09 13:11:01.508|WARN|[STARK_CENTRO_01] Strategy initialization pending (5 min) |l99.driver.fanuc.strategies.FanucMultiStrategy|
2025/12/09 13:11:01.558|WARN|[STARK_TORNO_02] Strategy initialization pending (5 min) |l99.driver.fanuc.strategies.FanucMultiStrategy|
2025/12/09 13:12:07.800|WARN|[STARK_TORNO_PILOTO] Strategy initialization pending (6 min) |l99.driver.fanuc.strategies.FanucMultiStrategy|
2025/12/09 13:12:07.841|WARN|[STARK_CENTRO_01] Strategy initialization pending (6 min) |l99.driver.fanuc.strategies.FanucMultiStrategy|
2025/12/09 13:12:07.889|WARN|[STARK_TORNO_02] Strategy initialization pending (6 min) |l99.driver.fanuc.strategies.FanucMultiStrategy|
2025/12/09 13:13:14.144|WARN|[STARK_TORNO_PILOTO] Strategy initialization pending (7 min) |l99.driver.fanuc.strategies.FanucMultiStrategy|
2025/12/09 13:13:14.163|WARN|[STARK_CENTRO_01] Strategy initialization pending (7 min) |l99.driver.fanuc.strategies.FanucMultiStrategy|
2025/12/09 13:13:14.210|WARN|[STARK_TORNO_02] Strategy initialization pending (7 min) |l99.driver.fanuc.strategies.FanucMultiStrategy|
2025/12/09 13:14:20.496|WARN|[STARK_TORNO_PILOTO] Strategy initialization pending (8 min) |l99.driver.fanuc.strategies.FanucMultiStrategy|
2025/12/09 13:14:20.559|WARN|[STARK_TORNO_02] Strategy initialization pending (8 min) |l99.driver.fanuc.strategies.FanucMultiStrategy|
2025/12/09 13:14:20.606|WARN|[STARK_CENTRO_01] Strategy initialization pending (8 min) |l99.driver.fanuc.strategies.FanucMultiStrategy|
2025/12/09 13:15:26.766|WARN|[STARK_TORNO_PILOTO] Strategy initialization pending (9 min) |l99.driver.fanuc.strategies.FanucMultiStrategy|
2025/12/09 13:15:26.844|WARN|[STARK_TORNO_02] Strategy initialization pending (9 min) |l99.driver.fanuc.strategies.FanucMultiStrategy|
2025/12/09 13:15:26.907|WARN|[STARK_CENTRO_01] Strategy initialization pending (9 min) |l99.driver.fanuc.strategies.FanucMultiStrategy|
2025/12/09 13:16:33.062|WARN|[STARK_TORNO_PILOTO] Strategy initialization pending (10 min) |l99.driver.fanuc.strategies.FanucMultiStrategy|
2025/12/09 13:16:33.135|WARN|[STARK_TORNO_02] Strategy initialization pending (10 min) |l99.driver.fanuc.strategies.FanucMultiStrategy|
2025/12/09 13:16:33.183|WARN|[STARK_CENTRO_01] Strategy initialization pending (10 min) |l99.driver.fanuc.strategies.FanucMultiStrategy|
2025/12/09 13:17:39.383|WARN|[STARK_TORNO_PILOTO] Strategy initialization pending (11 min) |l99.driver.fanuc.strategies.FanucMultiStrategy|
2025/12/09 13:17:39.429|WARN|[STARK_TORNO_02] Strategy initialization pending (11 min) |l99.driver.fanuc.strategies.FanucMultiStrategy|
2025/12/09 13:17:39.477|WARN|[STARK_CENTRO_01] Strategy initialization pending (11 min) |l99.driver.fanuc.strategies.FanucMultiStrategy|
2025/12/09 13:18:45.663|WARN|[STARK_TORNO_PILOTO] Strategy initialization pending (12 min) |l99.driver.fanuc.strategies.FanucMultiStrategy|
2025/12/09 13:18:45.707|WARN|[STARK_TORNO_02] Strategy initialization pending (12 min) |l99.driver.fanuc.strategies.FanucMultiStrategy|
2025/12/09 13:18:45.758|WARN|[STARK_CENTRO_01] Strategy initialization pending (12 min) |l99.driver.fanuc.strategies.FanucMultiStrategy|
2025/12/09 13:19:51.966|WARN|[STARK_TORNO_PILOTO] Strategy initialization pending (13 min) |l99.driver.fanuc.strategies.FanucMultiStrategy|
2025/12/09 13:19:52.015|WARN|[STARK_TORNO_02] Strategy initialization pending (13 min) |l99.driver.fanuc.strategies.FanucMultiStrategy|
2025/12/09 13:19:52.102|WARN|[STARK_CENTRO_01] Strategy initialization pending (13 min) |l99.driver.fanuc.strategies.FanucMultiStrategy|
2025/12/09 13:20:58.310|WARN|[STARK_TORNO_PILOTO] Strategy initialization pending (14 min) |l99.driver.fanuc.strategies.FanucMultiStrategy|
2025/12/09 13:20:58.357|WARN|[STARK_TORNO_02] Strategy initialization pending (14 min) |l99.driver.fanuc.strategies.FanucMultiStrategy|
2025/12/09 13:20:58.401|WARN|[STARK_CENTRO_01] Strategy initialization pending (14 min) |l99.driver.fanuc.strategies.FanucMultiStrategy|
2025/12/09 13:22:04.638|WARN|[STARK_TORNO_PILOTO] Strategy initialization pending (15 min) |l99.driver.fanuc.strategies.FanucMultiStrategy|
2025/12/09 13:22:04.685|WARN|[STARK_TORNO_02] Strategy initialization pending (15 min) |l99.driver.fanuc.strategies.FanucMultiStrategy|
2025/12/09 13:22:04.733|WARN|[STARK_CENTRO_01] Strategy initialization pending (15 min) |l99.driver.fanuc.strategies.FanucMultiStrategy|
2025/12/09 13:23:10.976|WARN|[STARK_TORNO_PILOTO] Strategy initialization pending (16 min) |l99.driver.fanuc.strategies.FanucMultiStrategy|
2025/12/09 13:23:11.038|WARN|[STARK_TORNO_02] Strategy initialization pending (16 min) |l99.driver.fanuc.strategies.FanucMultiStrategy|
2025/12/09 13:23:11.102|WARN|[STARK_CENTRO_01] Strategy initialization pending (16 min) |l99.driver.fanuc.strategies.FanucMultiStrategy|
2025/12/09 13:27:41.367|DEBUG|Adding machine:
{
  "id": "STARK_TORNO_PILOTO",
  "enabled": true,
  "type": "l99.driver.fanuc.FanucMachine, fanuc",
  "strategy": "l99.driver.fanuc.strategies.FanucMultiStrategy, fanuc",
  "handler": "l99.driver.fanuc.handlers.FanucOne, fanuc",
  "transport": "l99.driver.fanuc.transports.MQTT, fanuc"
} |l99.driver.base.Machines|
2025/12/09 13:27:41.461|DEBUG|[STARK_TORNO_PILOTO] Creating machine, enabled: True |l99.driver.base.Machine|
2025/12/09 13:27:41.461|DEBUG|[STARK_TORNO_PILOTO] Creating veneers holder |l99.driver.base.Veneers|
2025/12/09 13:27:41.474|DEBUG|[STARK_TORNO_PILOTO] Adding 'platform' to property bag. |l99.driver.base.Machine|
2025/12/09 13:27:41.494|DEBUG|[STARK_TORNO_PILOTO] Creating transport: l99.driver.fanuc.transports.MQTT |l99.driver.base.Machine|
2025/12/09 13:27:41.640|INFO|[STARK_TORNO_PILOTO] Connecting broker 'tcp://127.0.0.1:1883/STARK_TORNO_PILOTO': Unspecified/127.0.0.1:1883 |l99.driver.fanuc.transports.MQTT|
2025/12/09 13:27:41.730|INFO|[STARK_TORNO_PILOTO] Connected broker 'tcp://127.0.0.1:1883/STARK_TORNO_PILOTO': Unspecified/127.0.0.1:1883 |l99.driver.fanuc.transports.MQTT|
2025/12/09 13:27:41.730|DEBUG|[STARK_TORNO_PILOTO] Creating strategy: l99.driver.fanuc.strategies.FanucMultiStrategy |l99.driver.base.Machine|
2025/12/09 13:27:41.773|INFO|[STARK_TORNO_PILOTO] Creating collector: l99.driver.fanuc.collectors.MachineInfo, fanuc |l99.driver.fanuc.strategies.FanucMultiStrategy|
2025/12/09 13:27:41.789|INFO|[STARK_TORNO_PILOTO] Creating collector: l99.driver.fanuc.collectors.Alarms, fanuc |l99.driver.fanuc.strategies.FanucMultiStrategy|
2025/12/09 13:27:41.789|INFO|[STARK_TORNO_PILOTO] Creating collector: l99.driver.fanuc.collectors.StateData, fanuc |l99.driver.fanuc.strategies.FanucMultiStrategy|
2025/12/09 13:27:41.797|INFO|[STARK_TORNO_PILOTO] Creating collector: l99.driver.fanuc.collectors.ProductionData, fanuc |l99.driver.fanuc.strategies.FanucMultiStrategy|
2025/12/09 13:27:41.797|INFO|[STARK_TORNO_PILOTO] Creating collector: l99.driver.fanuc.collectors.SpindleData, fanuc |l99.driver.fanuc.strategies.FanucMultiStrategy|
2025/12/09 13:27:41.797|DEBUG|[STARK_TORNO_PILOTO] Creating handler: l99.driver.fanuc.handlers.FanucOne |l99.driver.base.Machine|
2025/12/09 13:27:41.815|DEBUG|Adding machine:
{
  "id": "STARK_TORNO_02",
  "enabled": true,
  "type": "l99.driver.fanuc.FanucMachine, fanuc",
  "strategy": "l99.driver.fanuc.strategies.FanucMultiStrategy, fanuc",
  "handler": "l99.driver.fanuc.handlers.FanucOne, fanuc",
  "transport": "l99.driver.fanuc.transports.MQTT, fanuc"
} |l99.driver.base.Machines|
2025/12/09 13:27:41.815|DEBUG|[STARK_TORNO_02] Creating machine, enabled: True |l99.driver.base.Machine|
2025/12/09 13:27:41.815|DEBUG|[STARK_TORNO_02] Creating veneers holder |l99.driver.base.Veneers|
2025/12/09 13:27:41.815|DEBUG|[STARK_TORNO_02] Adding 'platform' to property bag. |l99.driver.base.Machine|
2025/12/09 13:27:41.815|DEBUG|[STARK_TORNO_02] Creating transport: l99.driver.fanuc.transports.MQTT |l99.driver.base.Machine|
2025/12/09 13:27:41.815|INFO|[STARK_TORNO_02] Connecting broker 'tcp://127.0.0.1:1883/STARK_TORNO_02': Unspecified/127.0.0.1:1883 |l99.driver.fanuc.transports.MQTT|
2025/12/09 13:27:41.815|INFO|[STARK_TORNO_02] Connected broker 'tcp://127.0.0.1:1883/STARK_TORNO_02': Unspecified/127.0.0.1:1883 |l99.driver.fanuc.transports.MQTT|
2025/12/09 13:27:41.815|DEBUG|[STARK_TORNO_02] Creating strategy: l99.driver.fanuc.strategies.FanucMultiStrategy |l99.driver.base.Machine|
2025/12/09 13:27:41.815|INFO|[STARK_TORNO_02] Creating collector: l99.driver.fanuc.collectors.MachineInfo, fanuc |l99.driver.fanuc.strategies.FanucMultiStrategy|
2025/12/09 13:27:41.829|INFO|[STARK_TORNO_02] Creating collector: l99.driver.fanuc.collectors.Alarms, fanuc |l99.driver.fanuc.strategies.FanucMultiStrategy|
2025/12/09 13:27:41.829|INFO|[STARK_TORNO_02] Creating collector: l99.driver.fanuc.collectors.StateData, fanuc |l99.driver.fanuc.strategies.FanucMultiStrategy|
2025/12/09 13:27:41.829|INFO|[STARK_TORNO_02] Creating collector: l99.driver.fanuc.collectors.ProductionData, fanuc |l99.driver.fanuc.strategies.FanucMultiStrategy|
2025/12/09 13:27:41.829|INFO|[STARK_TORNO_02] Creating collector: l99.driver.fanuc.collectors.SpindleData, fanuc |l99.driver.fanuc.strategies.FanucMultiStrategy|
2025/12/09 13:27:41.829|DEBUG|[STARK_TORNO_02] Creating handler: l99.driver.fanuc.handlers.FanucOne |l99.driver.base.Machine|
2025/12/09 13:27:41.829|DEBUG|Adding machine:
{
  "id": "STARK_CENTRO_01",
  "enabled": true,
  "type": "l99.driver.fanuc.FanucMachine, fanuc",
  "strategy": "l99.driver.fanuc.strategies.FanucMultiStrategy, fanuc",
  "handler": "l99.driver.fanuc.handlers.FanucOne, fanuc",
  "transport": "l99.driver.fanuc.transports.MQTT, fanuc"
} |l99.driver.base.Machines|
2025/12/09 13:27:41.829|DEBUG|[STARK_CENTRO_01] Creating machine, enabled: True |l99.driver.base.Machine|
2025/12/09 13:27:41.829|DEBUG|[STARK_CENTRO_01] Creating veneers holder |l99.driver.base.Veneers|
2025/12/09 13:27:41.829|DEBUG|[STARK_CENTRO_01] Adding 'platform' to property bag. |l99.driver.base.Machine|
2025/12/09 13:27:41.829|DEBUG|[STARK_CENTRO_01] Creating transport: l99.driver.fanuc.transports.MQTT |l99.driver.base.Machine|
2025/12/09 13:27:41.829|INFO|[STARK_CENTRO_01] Connecting broker 'tcp://127.0.0.1:1883/STARK_CENTRO_01': Unspecified/127.0.0.1:1883 |l99.driver.fanuc.transports.MQTT|
2025/12/09 13:27:41.829|INFO|[STARK_CENTRO_01] Connected broker 'tcp://127.0.0.1:1883/STARK_CENTRO_01': Unspecified/127.0.0.1:1883 |l99.driver.fanuc.transports.MQTT|
2025/12/09 13:27:41.829|DEBUG|[STARK_CENTRO_01] Creating strategy: l99.driver.fanuc.strategies.FanucMultiStrategy |l99.driver.base.Machine|
2025/12/09 13:27:41.829|INFO|[STARK_CENTRO_01] Creating collector: l99.driver.fanuc.collectors.MachineInfo, fanuc |l99.driver.fanuc.strategies.FanucMultiStrategy|
2025/12/09 13:27:41.829|INFO|[STARK_CENTRO_01] Creating collector: l99.driver.fanuc.collectors.Alarms, fanuc |l99.driver.fanuc.strategies.FanucMultiStrategy|
2025/12/09 13:27:41.829|INFO|[STARK_CENTRO_01] Creating collector: l99.driver.fanuc.collectors.StateData, fanuc |l99.driver.fanuc.strategies.FanucMultiStrategy|
2025/12/09 13:27:41.829|INFO|[STARK_CENTRO_01] Creating collector: l99.driver.fanuc.collectors.ProductionData, fanuc |l99.driver.fanuc.strategies.FanucMultiStrategy|
2025/12/09 13:27:41.829|INFO|[STARK_CENTRO_01] Creating collector: l99.driver.fanuc.collectors.SpindleData, fanuc |l99.driver.fanuc.strategies.FanucMultiStrategy|
2025/12/09 13:27:41.829|DEBUG|[STARK_CENTRO_01] Creating handler: l99.driver.fanuc.handlers.FanucOne |l99.driver.base.Machine|
2025/12/09 13:27:41.829|INFO|[f_sim_mqtt_long] Machine disabled and will not be added |l99.driver.base.Machines|
2025/12/09 13:27:41.829|INFO|[f_sim_mtc_long] Machine disabled and will not be added |l99.driver.base.Machines|
2025/12/09 13:27:41.829|INFO|[f_sim_spb_long] Machine disabled and will not be added |l99.driver.base.Machines|
2025/12/09 13:27:41.829|INFO|[f_sim_influx_long] Machine disabled and will not be added |l99.driver.base.Machines|
2025/12/09 13:27:41.850|INFO|Machine tasks running |l99.driver.base.Machines|
2025/12/09 13:27:41.850|DEBUG|[STARK_TORNO_PILOTO] Initializing strategy... |l99.driver.base.Machine|
2025/12/09 13:27:41.850|DEBUG|[STARK_CENTRO_01] Initializing strategy... |l99.driver.base.Machine|
2025/12/09 13:27:41.850|DEBUG|[STARK_TORNO_02] Initializing strategy... |l99.driver.base.Machine|
2025/12/09 13:27:41.870|INFO|[STARK_TORNO_PILOTO] Strategy initializing |l99.driver.fanuc.strategies.FanucMultiStrategy|
2025/12/09 13:27:41.870|INFO|[STARK_CENTRO_01] Strategy initializing |l99.driver.fanuc.strategies.FanucMultiStrategy|
2025/12/09 13:27:41.870|INFO|[STARK_TORNO_02] Strategy initializing |l99.driver.fanuc.strategies.FanucMultiStrategy|
2025/12/09 13:27:51.981|WARN|[STARK_TORNO_PILOTO] Strategy initialization pending (0 min) |l99.driver.fanuc.strategies.FanucMultiStrategy|
2025/12/09 13:27:52.005|WARN|[STARK_TORNO_02] Strategy initialization pending (0 min) |l99.driver.fanuc.strategies.FanucMultiStrategy|
2025/12/09 13:27:52.024|WARN|[STARK_CENTRO_01] Strategy initialization pending (0 min) |l99.driver.fanuc.strategies.FanucMultiStrategy|
2025/12/09 13:28:58.282|WARN|[STARK_TORNO_PILOTO] Strategy initialization pending (1 min) |l99.driver.fanuc.strategies.FanucMultiStrategy|
2025/12/09 13:28:58.325|WARN|[STARK_TORNO_02] Strategy initialization pending (1 min) |l99.driver.fanuc.strategies.FanucMultiStrategy|
2025/12/09 13:28:58.373|WARN|[STARK_CENTRO_01] Strategy initialization pending (1 min) |l99.driver.fanuc.strategies.FanucMultiStrategy|
2025/12/09 13:30:04.583|WARN|[STARK_TORNO_PILOTO] Strategy initialization pending (2 min) |l99.driver.fanuc.strategies.FanucMultiStrategy|
2025/12/09 13:30:04.615|WARN|[STARK_TORNO_02] Strategy initialization pending (2 min) |l99.driver.fanuc.strategies.FanucMultiStrategy|
2025/12/09 13:30:04.659|WARN|[STARK_CENTRO_01] Strategy initialization pending (2 min) |l99.driver.fanuc.strategies.FanucMultiStrategy|
2025/12/09 13:31:10.890|WARN|[STARK_TORNO_PILOTO] Strategy initialization pending (3 min) |l99.driver.fanuc.strategies.FanucMultiStrategy|
2025/12/09 13:31:10.924|WARN|[STARK_TORNO_02] Strategy initialization pending (3 min) |l99.driver.fanuc.strategies.FanucMultiStrategy|
2025/12/09 13:31:10.970|WARN|[STARK_CENTRO_01] Strategy initialization pending (3 min) |l99.driver.fanuc.strategies.FanucMultiStrategy|
2025/12/09 13:32:17.160|WARN|[STARK_TORNO_PILOTO] Strategy initialization pending (4 min) |l99.driver.fanuc.strategies.FanucMultiStrategy|
2025/12/09 13:32:17.199|WARN|[STARK_TORNO_02] Strategy initialization pending (4 min) |l99.driver.fanuc.strategies.FanucMultiStrategy|
2025/12/09 13:32:17.230|WARN|[STARK_CENTRO_01] Strategy initialization pending (4 min) |l99.driver.fanuc.strategies.FanucMultiStrategy|
2025/12/09 13:33:23.460|WARN|[STARK_TORNO_PILOTO] Strategy initialization pending (5 min) |l99.driver.fanuc.strategies.FanucMultiStrategy|
2025/12/09 13:33:23.492|WARN|[STARK_TORNO_02] Strategy initialization pending (5 min) |l99.driver.fanuc.strategies.FanucMultiStrategy|
2025/12/09 13:33:23.523|WARN|[STARK_CENTRO_01] Strategy initialization pending (5 min) |l99.driver.fanuc.strategies.FanucMultiStrategy|
2025/12/09 13:34:29.760|WARN|[STARK_TORNO_PILOTO] Strategy initialization pending (6 min) |l99.driver.fanuc.strategies.FanucMultiStrategy|
2025/12/09 13:34:29.805|WARN|[STARK_TORNO_02] Strategy initialization pending (6 min) |l99.driver.fanuc.strategies.FanucMultiStrategy|
2025/12/09 13:34:29.837|WARN|[STARK_CENTRO_01] Strategy initialization pending (6 min) |l99.driver.fanuc.strategies.FanucMultiStrategy|
2025/12/09 13:35:36.050|WARN|[STARK_TORNO_PILOTO] Strategy initialization pending (7 min) |l99.driver.fanuc.strategies.FanucMultiStrategy|
2025/12/09 13:35:36.096|WARN|[STARK_TORNO_02] Strategy initialization pending (7 min) |l99.driver.fanuc.strategies.FanucMultiStrategy|
2025/12/09 13:35:36.128|WARN|[STARK_CENTRO_01] Strategy initialization pending (7 min) |l99.driver.fanuc.strategies.FanucMultiStrategy|
2025/12/09 15:04:45.335|DEBUG|Adding machine:
{
  "id": "STARK_TORNO_PILOTO",
  "enabled": true,
  "type": "l99.driver.fanuc.FanucMachine, fanuc",
  "strategy": "l99.driver.fanuc.strategies.FanucMultiStrategy, fanuc",
  "handler": "l99.driver.fanuc.handlers.FanucOne, fanuc",
  "transport": "l99.driver.fanuc.transports.MQTT, fanuc"
} |l99.driver.base.Machines|
2025/12/09 15:04:45.426|DEBUG|[STARK_TORNO_PILOTO] Creating machine, enabled: True |l99.driver.base.Machine|
2025/12/09 15:04:45.426|DEBUG|[STARK_TORNO_PILOTO] Creating veneers holder |l99.driver.base.Veneers|
2025/12/09 15:04:45.441|DEBUG|[STARK_TORNO_PILOTO] Adding 'platform' to property bag. |l99.driver.base.Machine|
2025/12/09 15:04:45.465|DEBUG|[STARK_TORNO_PILOTO] Creating transport: l99.driver.fanuc.transports.MQTT |l99.driver.base.Machine|
2025/12/09 15:04:45.955|INFO|[STARK_TORNO_PILOTO] Connecting broker 'tcp://127.0.0.1:1883/STARK_TORNO_PILOTO': Unspecified/127.0.0.1:1883 |l99.driver.fanuc.transports.MQTT|
2025/12/09 15:04:46.052|INFO|[STARK_TORNO_PILOTO] Connected broker 'tcp://127.0.0.1:1883/STARK_TORNO_PILOTO': Unspecified/127.0.0.1:1883 |l99.driver.fanuc.transports.MQTT|
2025/12/09 15:04:46.052|DEBUG|[STARK_TORNO_PILOTO] Creating strategy: l99.driver.fanuc.strategies.FanucMultiStrategy |l99.driver.base.Machine|
2025/12/09 15:04:46.095|INFO|[STARK_TORNO_PILOTO] Creating collector: l99.driver.fanuc.collectors.MachineInfo, fanuc |l99.driver.fanuc.strategies.FanucMultiStrategy|
2025/12/09 15:04:46.095|INFO|[STARK_TORNO_PILOTO] Creating collector: l99.driver.fanuc.collectors.Alarms, fanuc |l99.driver.fanuc.strategies.FanucMultiStrategy|
2025/12/09 15:04:46.117|INFO|[STARK_TORNO_PILOTO] Creating collector: l99.driver.fanuc.collectors.StateData, fanuc |l99.driver.fanuc.strategies.FanucMultiStrategy|
2025/12/09 15:04:46.117|INFO|[STARK_TORNO_PILOTO] Creating collector: l99.driver.fanuc.collectors.ProductionData, fanuc |l99.driver.fanuc.strategies.FanucMultiStrategy|
2025/12/09 15:04:46.117|INFO|[STARK_TORNO_PILOTO] Creating collector: l99.driver.fanuc.collectors.SpindleData, fanuc |l99.driver.fanuc.strategies.FanucMultiStrategy|
2025/12/09 15:04:46.125|DEBUG|[STARK_TORNO_PILOTO] Creating handler: l99.driver.fanuc.handlers.FanucOne |l99.driver.base.Machine|
2025/12/09 15:04:46.125|DEBUG|Adding machine:
{
  "id": "STARK_TORNO_02",
  "enabled": true,
  "type": "l99.driver.fanuc.FanucMachine, fanuc",
  "strategy": "l99.driver.fanuc.strategies.FanucMultiStrategy, fanuc",
  "handler": "l99.driver.fanuc.handlers.FanucOne, fanuc",
  "transport": "l99.driver.fanuc.transports.MQTT, fanuc"
} |l99.driver.base.Machines|
2025/12/09 15:04:46.125|DEBUG|[STARK_TORNO_02] Creating machine, enabled: True |l99.driver.base.Machine|
2025/12/09 15:04:46.125|DEBUG|[STARK_TORNO_02] Creating veneers holder |l99.driver.base.Veneers|
2025/12/09 15:04:46.125|DEBUG|[STARK_TORNO_02] Adding 'platform' to property bag. |l99.driver.base.Machine|
2025/12/09 15:04:46.125|DEBUG|[STARK_TORNO_02] Creating transport: l99.driver.fanuc.transports.MQTT |l99.driver.base.Machine|
2025/12/09 15:04:46.125|INFO|[STARK_TORNO_02] Connecting broker 'tcp://127.0.0.1:1883/STARK_TORNO_02': Unspecified/127.0.0.1:1883 |l99.driver.fanuc.transports.MQTT|
2025/12/09 15:04:46.142|INFO|[STARK_TORNO_02] Connected broker 'tcp://127.0.0.1:1883/STARK_TORNO_02': Unspecified/127.0.0.1:1883 |l99.driver.fanuc.transports.MQTT|
2025/12/09 15:04:46.142|DEBUG|[STARK_TORNO_02] Creating strategy: l99.driver.fanuc.strategies.FanucMultiStrategy |l99.driver.base.Machine|
2025/12/09 15:04:46.142|INFO|[STARK_TORNO_02] Creating collector: l99.driver.fanuc.collectors.MachineInfo, fanuc |l99.driver.fanuc.strategies.FanucMultiStrategy|
2025/12/09 15:04:46.142|INFO|[STARK_TORNO_02] Creating collector: l99.driver.fanuc.collectors.Alarms, fanuc |l99.driver.fanuc.strategies.FanucMultiStrategy|
2025/12/09 15:04:46.142|INFO|[STARK_TORNO_02] Creating collector: l99.driver.fanuc.collectors.StateData, fanuc |l99.driver.fanuc.strategies.FanucMultiStrategy|
2025/12/09 15:04:46.142|INFO|[STARK_TORNO_02] Creating collector: l99.driver.fanuc.collectors.ProductionData, fanuc |l99.driver.fanuc.strategies.FanucMultiStrategy|
2025/12/09 15:04:46.142|INFO|[STARK_TORNO_02] Creating collector: l99.driver.fanuc.collectors.SpindleData, fanuc |l99.driver.fanuc.strategies.FanucMultiStrategy|
2025/12/09 15:04:46.142|DEBUG|[STARK_TORNO_02] Creating handler: l99.driver.fanuc.handlers.FanucOne |l99.driver.base.Machine|
2025/12/09 15:04:46.142|DEBUG|Adding machine:
{
  "id": "STARK_CENTRO_01",
  "enabled": true,
  "type": "l99.driver.fanuc.FanucMachine, fanuc",
  "strategy": "l99.driver.fanuc.strategies.FanucMultiStrategy, fanuc",
  "handler": "l99.driver.fanuc.handlers.FanucOne, fanuc",
  "transport": "l99.driver.fanuc.transports.MQTT, fanuc"
} |l99.driver.base.Machines|
2025/12/09 15:04:46.142|DEBUG|[STARK_CENTRO_01] Creating machine, enabled: True |l99.driver.base.Machine|
2025/12/09 15:04:46.142|DEBUG|[STARK_CENTRO_01] Creating veneers holder |l99.driver.base.Veneers|
2025/12/09 15:04:46.142|DEBUG|[STARK_CENTRO_01] Adding 'platform' to property bag. |l99.driver.base.Machine|
2025/12/09 15:04:46.142|DEBUG|[STARK_CENTRO_01] Creating transport: l99.driver.fanuc.transports.MQTT |l99.driver.base.Machine|
2025/12/09 15:04:46.142|INFO|[STARK_CENTRO_01] Connecting broker 'tcp://127.0.0.1:1883/STARK_CENTRO_01': Unspecified/127.0.0.1:1883 |l99.driver.fanuc.transports.MQTT|
2025/12/09 15:04:46.142|INFO|[STARK_CENTRO_01] Connected broker 'tcp://127.0.0.1:1883/STARK_CENTRO_01': Unspecified/127.0.0.1:1883 |l99.driver.fanuc.transports.MQTT|
2025/12/09 15:04:46.142|DEBUG|[STARK_CENTRO_01] Creating strategy: l99.driver.fanuc.strategies.FanucMultiStrategy |l99.driver.base.Machine|
2025/12/09 15:04:46.142|INFO|[STARK_CENTRO_01] Creating collector: l99.driver.fanuc.collectors.MachineInfo, fanuc |l99.driver.fanuc.strategies.FanucMultiStrategy|
2025/12/09 15:04:46.142|INFO|[STARK_CENTRO_01] Creating collector: l99.driver.fanuc.collectors.Alarms, fanuc |l99.driver.fanuc.strategies.FanucMultiStrategy|
2025/12/09 15:04:46.142|INFO|[STARK_CENTRO_01] Creating collector: l99.driver.fanuc.collectors.StateData, fanuc |l99.driver.fanuc.strategies.FanucMultiStrategy|
2025/12/09 15:04:46.142|INFO|[STARK_CENTRO_01] Creating collector: l99.driver.fanuc.collectors.ProductionData, fanuc |l99.driver.fanuc.strategies.FanucMultiStrategy|
2025/12/09 15:04:46.142|INFO|[STARK_CENTRO_01] Creating collector: l99.driver.fanuc.collectors.SpindleData, fanuc |l99.driver.fanuc.strategies.FanucMultiStrategy|
2025/12/09 15:04:46.142|DEBUG|[STARK_CENTRO_01] Creating handler: l99.driver.fanuc.handlers.FanucOne |l99.driver.base.Machine|
2025/12/09 15:04:46.142|INFO|[f_sim_mqtt_long] Machine disabled and will not be added |l99.driver.base.Machines|
2025/12/09 15:04:46.157|INFO|[f_sim_mtc_long] Machine disabled and will not be added |l99.driver.base.Machines|
2025/12/09 15:04:46.157|INFO|[f_sim_spb_long] Machine disabled and will not be added |l99.driver.base.Machines|
2025/12/09 15:04:46.194|INFO|[f_sim_influx_long] Machine disabled and will not be added |l99.driver.base.Machines|
2025/12/09 15:04:46.229|INFO|Machine tasks running |l99.driver.base.Machines|
2025/12/09 15:04:46.229|DEBUG|[STARK_TORNO_PILOTO] Initializing strategy... |l99.driver.base.Machine|
2025/12/09 15:04:46.229|DEBUG|[STARK_TORNO_02] Initializing strategy... |l99.driver.base.Machine|
2025/12/09 15:04:46.229|DEBUG|[STARK_CENTRO_01] Initializing strategy... |l99.driver.base.Machine|
2025/12/09 15:04:46.255|INFO|[STARK_TORNO_02] Strategy initializing |l99.driver.fanuc.strategies.FanucMultiStrategy|
2025/12/09 15:04:46.255|INFO|[STARK_TORNO_PILOTO] Strategy initializing |l99.driver.fanuc.strategies.FanucMultiStrategy|
2025/12/09 15:04:46.255|INFO|[STARK_CENTRO_01] Strategy initializing |l99.driver.fanuc.strategies.FanucMultiStrategy|
2025/12/09 15:04:46.716|DEBUG|[STARK_TORNO_PILOTO] Applying veneer: l99.driver.fanuc.veneers.FocasPerf |l99.driver.base.Machine|
2025/12/09 15:04:46.716|DEBUG|[STARK_TORNO_PILOTO] Applying veneer: l99.driver.fanuc.veneers.Connection |l99.driver.base.Machine|
2025/12/09 15:04:46.716|DEBUG|[STARK_TORNO_PILOTO] Applying veneer: l99.driver.fanuc.veneers.GetPath |l99.driver.base.Machine|
2025/12/09 15:04:46.737|DEBUG|[STARK_TORNO_PILOTO] Applying veneer: l99.driver.fanuc.veneers.RdAxisname |l99.driver.base.Machine|
2025/12/09 15:04:46.737|DEBUG|[STARK_TORNO_PILOTO] Applying veneer: l99.driver.fanuc.veneers.RdSpindlename |l99.driver.base.Machine|
2025/12/09 15:04:46.737|DEBUG|[STARK_TORNO_PILOTO] Applying veneer: l99.driver.fanuc.veneers.SysInfo |l99.driver.base.Machine|
2025/12/09 15:04:46.737|DEBUG|[STARK_TORNO_PILOTO] Applying veneer: l99.driver.fanuc.veneers.AlarmsSeries |l99.driver.base.Machine|
2025/12/09 15:04:46.752|DEBUG|[STARK_TORNO_PILOTO] Applying veneer: l99.driver.fanuc.veneers.StateData |l99.driver.base.Machine|
2025/12/09 15:04:46.752|DEBUG|[STARK_TORNO_PILOTO] Applying veneer: l99.driver.fanuc.veneers.ProductionData |l99.driver.base.Machine|
2025/12/09 15:04:46.885|DEBUG|[STARK_TORNO_PILOTO] Applying veneer: l99.driver.fanuc.veneers.SpindleData |l99.driver.base.Machine|
2025/12/09 15:04:47.013|INFO|[STARK_TORNO_PILOTO] Strategy initialized |l99.driver.fanuc.strategies.FanucMultiStrategy|
2025/12/09 15:04:48.191|INFO|[STARK_TORNO_PILOTO] Strategy started |l99.driver.fanuc.strategies.FanucMultiStrategy|
2025/12/09 15:04:56.631|WARN|[STARK_TORNO_02] Strategy initialization pending (0 min) |l99.driver.fanuc.strategies.FanucMultiStrategy|
2025/12/09 15:04:56.670|WARN|[STARK_CENTRO_01] Strategy initialization pending (0 min) |l99.driver.fanuc.strategies.FanucMultiStrategy|
2025/12/09 15:05:23.843|INFO|[STARK_TORNO_PILOTO] Machine task stopping |l99.driver.base.Machines|
2025/12/09 15:05:23.847|INFO|[STARK_TORNO_PILOTO] Platform stopping |l99.driver.base.Machine|
2025/12/09 15:05:23.847|INFO|[STARK_TORNO_PILOTO] Platform stopped |l99.driver.base.Machine|
2025/12/09 15:05:23.847|INFO|[STARK_TORNO_PILOTO] Machine task stopped |l99.driver.base.Machines|
2025/12/09 15:06:02.956|WARN|[STARK_TORNO_02] Strategy initialization pending (1 min) |l99.driver.fanuc.strategies.FanucMultiStrategy|
2025/12/09 15:06:02.991|WARN|[STARK_CENTRO_01] Strategy initialization pending (1 min) |l99.driver.fanuc.strategies.FanucMultiStrategy|
2025/12/09 15:07:09.261|WARN|[STARK_TORNO_02] Strategy initialization pending (2 min) |l99.driver.fanuc.strategies.FanucMultiStrategy|
2025/12/09 15:07:09.319|WARN|[STARK_CENTRO_01] Strategy initialization pending (2 min) |l99.driver.fanuc.strategies.FanucMultiStrategy|
2025/12/09 15:09:03.397|DEBUG|Adding machine:
{
  "id": "STARK_TORNO_PILOTO",
  "enabled": true,
  "type": "l99.driver.fanuc.FanucMachine, fanuc",
  "strategy": "l99.driver.fanuc.strategies.FanucMultiStrategy, fanuc",
  "handler": "l99.driver.fanuc.handlers.FanucOne, fanuc",
  "transport": "l99.driver.fanuc.transports.MQTT, fanuc"
} |l99.driver.base.Machines|
2025/12/09 15:09:03.484|DEBUG|[STARK_TORNO_PILOTO] Creating machine, enabled: True |l99.driver.base.Machine|
2025/12/09 15:09:03.486|DEBUG|[STARK_TORNO_PILOTO] Creating veneers holder |l99.driver.base.Veneers|
2025/12/09 15:09:03.486|DEBUG|[STARK_TORNO_PILOTO] Adding 'platform' to property bag. |l99.driver.base.Machine|
2025/12/09 15:09:03.520|DEBUG|[STARK_TORNO_PILOTO] Creating transport: l99.driver.fanuc.transports.MQTT |l99.driver.base.Machine|
2025/12/09 15:09:03.645|INFO|[STARK_TORNO_PILOTO] Connecting broker 'tcp://127.0.0.1:1883/STARK_TORNO_PILOTO': Unspecified/127.0.0.1:1883 |l99.driver.fanuc.transports.MQTT|
2025/12/09 15:09:03.726|INFO|[STARK_TORNO_PILOTO] Connected broker 'tcp://127.0.0.1:1883/STARK_TORNO_PILOTO': Unspecified/127.0.0.1:1883 |l99.driver.fanuc.transports.MQTT|
2025/12/09 15:09:03.726|DEBUG|[STARK_TORNO_PILOTO] Creating strategy: l99.driver.fanuc.strategies.FanucMultiStrategy |l99.driver.base.Machine|
2025/12/09 15:09:03.772|INFO|[STARK_TORNO_PILOTO] Creating collector: l99.driver.fanuc.collectors.MachineInfo, fanuc |l99.driver.fanuc.strategies.FanucMultiStrategy|
2025/12/09 15:09:03.789|INFO|[STARK_TORNO_PILOTO] Creating collector: l99.driver.fanuc.collectors.Alarms, fanuc |l99.driver.fanuc.strategies.FanucMultiStrategy|
2025/12/09 15:09:03.797|INFO|[STARK_TORNO_PILOTO] Creating collector: l99.driver.fanuc.collectors.StateData, fanuc |l99.driver.fanuc.strategies.FanucMultiStrategy|
2025/12/09 15:09:03.797|INFO|[STARK_TORNO_PILOTO] Creating collector: l99.driver.fanuc.collectors.ProductionData, fanuc |l99.driver.fanuc.strategies.FanucMultiStrategy|
2025/12/09 15:09:03.797|INFO|[STARK_TORNO_PILOTO] Creating collector: l99.driver.fanuc.collectors.SpindleData, fanuc |l99.driver.fanuc.strategies.FanucMultiStrategy|
2025/12/09 15:09:03.797|DEBUG|[STARK_TORNO_PILOTO] Creating handler: l99.driver.fanuc.handlers.FanucOne |l99.driver.base.Machine|
2025/12/09 15:09:03.820|DEBUG|Adding machine:
{
  "id": "STARK_TORNO_02",
  "enabled": true,
  "type": "l99.driver.fanuc.FanucMachine, fanuc",
  "strategy": "l99.driver.fanuc.strategies.FanucMultiStrategy, fanuc",
  "handler": "l99.driver.fanuc.handlers.FanucOne, fanuc",
  "transport": "l99.driver.fanuc.transports.MQTT, fanuc"
} |l99.driver.base.Machines|
2025/12/09 15:09:03.820|DEBUG|[STARK_TORNO_02] Creating machine, enabled: True |l99.driver.base.Machine|
2025/12/09 15:09:03.820|DEBUG|[STARK_TORNO_02] Creating veneers holder |l99.driver.base.Veneers|
2025/12/09 15:09:03.820|DEBUG|[STARK_TORNO_02] Adding 'platform' to property bag. |l99.driver.base.Machine|
2025/12/09 15:09:03.820|DEBUG|[STARK_TORNO_02] Creating transport: l99.driver.fanuc.transports.MQTT |l99.driver.base.Machine|
2025/12/09 15:09:03.820|INFO|[STARK_TORNO_02] Connecting broker 'tcp://127.0.0.1:1883/STARK_TORNO_02': Unspecified/127.0.0.1:1883 |l99.driver.fanuc.transports.MQTT|
2025/12/09 15:09:03.830|INFO|[STARK_TORNO_02] Connected broker 'tcp://127.0.0.1:1883/STARK_TORNO_02': Unspecified/127.0.0.1:1883 |l99.driver.fanuc.transports.MQTT|
2025/12/09 15:09:03.830|DEBUG|[STARK_TORNO_02] Creating strategy: l99.driver.fanuc.strategies.FanucMultiStrategy |l99.driver.base.Machine|
2025/12/09 15:09:03.830|INFO|[STARK_TORNO_02] Creating collector: l99.driver.fanuc.collectors.MachineInfo, fanuc |l99.driver.fanuc.strategies.FanucMultiStrategy|
2025/12/09 15:09:03.830|INFO|[STARK_TORNO_02] Creating collector: l99.driver.fanuc.collectors.Alarms, fanuc |l99.driver.fanuc.strategies.FanucMultiStrategy|
2025/12/09 15:09:03.830|INFO|[STARK_TORNO_02] Creating collector: l99.driver.fanuc.collectors.StateData, fanuc |l99.driver.fanuc.strategies.FanucMultiStrategy|
2025/12/09 15:09:03.830|INFO|[STARK_TORNO_02] Creating collector: l99.driver.fanuc.collectors.ProductionData, fanuc |l99.driver.fanuc.strategies.FanucMultiStrategy|
2025/12/09 15:09:03.830|INFO|[STARK_TORNO_02] Creating collector: l99.driver.fanuc.collectors.SpindleData, fanuc |l99.driver.fanuc.strategies.FanucMultiStrategy|
2025/12/09 15:09:03.830|DEBUG|[STARK_TORNO_02] Creating handler: l99.driver.fanuc.handlers.FanucOne |l99.driver.base.Machine|
2025/12/09 15:09:03.830|DEBUG|Adding machine:
{
  "id": "STARK_CENTRO_01",
  "enabled": true,
  "type": "l99.driver.fanuc.FanucMachine, fanuc",
  "strategy": "l99.driver.fanuc.strategies.FanucMultiStrategy, fanuc",
  "handler": "l99.driver.fanuc.handlers.FanucOne, fanuc",
  "transport": "l99.driver.fanuc.transports.MQTT, fanuc"
} |l99.driver.base.Machines|
2025/12/09 15:09:03.830|DEBUG|[STARK_CENTRO_01] Creating machine, enabled: True |l99.driver.base.Machine|
2025/12/09 15:09:03.830|DEBUG|[STARK_CENTRO_01] Creating veneers holder |l99.driver.base.Veneers|
2025/12/09 15:09:03.830|DEBUG|[STARK_CENTRO_01] Adding 'platform' to property bag. |l99.driver.base.Machine|
2025/12/09 15:09:03.830|DEBUG|[STARK_CENTRO_01] Creating transport: l99.driver.fanuc.transports.MQTT |l99.driver.base.Machine|
2025/12/09 15:09:03.830|INFO|[STARK_CENTRO_01] Connecting broker 'tcp://127.0.0.1:1883/STARK_CENTRO_01': Unspecified/127.0.0.1:1883 |l99.driver.fanuc.transports.MQTT|
2025/12/09 15:09:03.830|INFO|[STARK_CENTRO_01] Connected broker 'tcp://127.0.0.1:1883/STARK_CENTRO_01': Unspecified/127.0.0.1:1883 |l99.driver.fanuc.transports.MQTT|
2025/12/09 15:09:03.830|DEBUG|[STARK_CENTRO_01] Creating strategy: l99.driver.fanuc.strategies.FanucMultiStrategy |l99.driver.base.Machine|
2025/12/09 15:09:03.830|INFO|[STARK_CENTRO_01] Creating collector: l99.driver.fanuc.collectors.MachineInfo, fanuc |l99.driver.fanuc.strategies.FanucMultiStrategy|
2025/12/09 15:09:03.830|INFO|[STARK_CENTRO_01] Creating collector: l99.driver.fanuc.collectors.Alarms, fanuc |l99.driver.fanuc.strategies.FanucMultiStrategy|
2025/12/09 15:09:03.830|INFO|[STARK_CENTRO_01] Creating collector: l99.driver.fanuc.collectors.StateData, fanuc |l99.driver.fanuc.strategies.FanucMultiStrategy|
2025/12/09 15:09:03.830|INFO|[STARK_CENTRO_01] Creating collector: l99.driver.fanuc.collectors.ProductionData, fanuc |l99.driver.fanuc.strategies.FanucMultiStrategy|
2025/12/09 15:09:03.844|INFO|[STARK_CENTRO_01] Creating collector: l99.driver.fanuc.collectors.SpindleData, fanuc |l99.driver.fanuc.strategies.FanucMultiStrategy|
2025/12/09 15:09:03.844|DEBUG|[STARK_CENTRO_01] Creating handler: l99.driver.fanuc.handlers.FanucOne |l99.driver.base.Machine|
2025/12/09 15:09:03.844|INFO|[f_sim_mqtt_long] Machine disabled and will not be added |l99.driver.base.Machines|
2025/12/09 15:09:03.844|INFO|[f_sim_mtc_long] Machine disabled and will not be added |l99.driver.base.Machines|
2025/12/09 15:09:03.844|INFO|[f_sim_spb_long] Machine disabled and will not be added |l99.driver.base.Machines|
2025/12/09 15:09:03.844|INFO|[f_sim_influx_long] Machine disabled and will not be added |l99.driver.base.Machines|
2025/12/09 15:09:03.844|INFO|Machine tasks running |l99.driver.base.Machines|
2025/12/09 15:09:03.844|DEBUG|[STARK_TORNO_02] Initializing strategy... |l99.driver.base.Machine|
2025/12/09 15:09:03.844|DEBUG|[STARK_TORNO_PILOTO] Initializing strategy... |l99.driver.base.Machine|
2025/12/09 15:09:03.844|DEBUG|[STARK_CENTRO_01] Initializing strategy... |l99.driver.base.Machine|
2025/12/09 15:09:03.875|INFO|[STARK_TORNO_02] Strategy initializing |l99.driver.fanuc.strategies.FanucMultiStrategy|
2025/12/09 15:09:03.875|INFO|[STARK_TORNO_PILOTO] Strategy initializing |l99.driver.fanuc.strategies.FanucMultiStrategy|
2025/12/09 15:09:03.875|INFO|[STARK_CENTRO_01] Strategy initializing |l99.driver.fanuc.strategies.FanucMultiStrategy|
2025/12/09 15:09:04.081|DEBUG|[STARK_TORNO_PILOTO] Applying veneer: l99.driver.fanuc.veneers.FocasPerf |l99.driver.base.Machine|
2025/12/09 15:09:04.081|DEBUG|[STARK_TORNO_PILOTO] Applying veneer: l99.driver.fanuc.veneers.Connection |l99.driver.base.Machine|
2025/12/09 15:09:04.081|DEBUG|[STARK_TORNO_PILOTO] Applying veneer: l99.driver.fanuc.veneers.GetPath |l99.driver.base.Machine|
2025/12/09 15:09:04.102|DEBUG|[STARK_TORNO_PILOTO] Applying veneer: l99.driver.fanuc.veneers.RdAxisname |l99.driver.base.Machine|
2025/12/09 15:09:04.102|DEBUG|[STARK_TORNO_PILOTO] Applying veneer: l99.driver.fanuc.veneers.RdSpindlename |l99.driver.base.Machine|
2025/12/09 15:09:04.102|DEBUG|[STARK_TORNO_PILOTO] Applying veneer: l99.driver.fanuc.veneers.SysInfo |l99.driver.base.Machine|
2025/12/09 15:09:04.110|DEBUG|[STARK_TORNO_PILOTO] Applying veneer: l99.driver.fanuc.veneers.AlarmsSeries |l99.driver.base.Machine|
2025/12/09 15:09:04.110|DEBUG|[STARK_TORNO_PILOTO] Applying veneer: l99.driver.fanuc.veneers.StateData |l99.driver.base.Machine|
2025/12/09 15:09:04.110|DEBUG|[STARK_TORNO_PILOTO] Applying veneer: l99.driver.fanuc.veneers.ProductionData |l99.driver.base.Machine|
2025/12/09 15:09:04.241|DEBUG|[STARK_TORNO_PILOTO] Applying veneer: l99.driver.fanuc.veneers.SpindleData |l99.driver.base.Machine|
2025/12/09 15:09:04.393|INFO|[STARK_TORNO_PILOTO] Strategy initialized |l99.driver.fanuc.strategies.FanucMultiStrategy|
2025/12/09 15:09:05.603|INFO|[STARK_TORNO_PILOTO] Strategy started |l99.driver.fanuc.strategies.FanucMultiStrategy|
2025/12/09 15:09:13.961|WARN|[STARK_TORNO_02] Strategy initialization pending (0 min) |l99.driver.fanuc.strategies.FanucMultiStrategy|
2025/12/09 15:09:14.002|WARN|[STARK_CENTRO_01] Strategy initialization pending (0 min) |l99.driver.fanuc.strategies.FanucMultiStrategy|
2025/12/09 15:09:58.304|ERROR|[STARK_TORNO_PILOTO] Connection lost. |l99.driver.fanuc.Platform|
2025/12/09 15:09:58.320|ERROR|[STARK_TORNO_PILOTO] Strategy sweep failed at segment Path System.Net.Sockets.SocketException (0xFFFFFFF0): Unknown error (0xfffffff0)
   at l99.driver.fanuc.Platform._nativeDispatch(Func`1 func, Boolean throwOnSocketError) in C:\source\ladder99\fanuc-driver\fanuc\platform\Platform.cs:line 91
   at l99.driver.fanuc.Platform.StatInfo() in C:\source\ladder99\fanuc-driver\fanuc\platform\StatInfo.cs:line 14
   at l99.driver.fanuc.Platform.StatInfoAsync() in C:\source\ladder99\fanuc-driver\fanuc\platform\StatInfo.cs:line 7
   at CallSite.Target(Closure, CallSite, Object)
   at l99.driver.fanuc.collectors.StateData.CollectForEachPathAsync(Int16 currentPath, String[] axis, String[] spindle, Object pathMarker) in C:\source\ladder99\fanuc-driver\fanuc\collectors\StateData.cs:line 33
   at CallSite.Target(Closure, CallSite, Object)
   at l99.driver.fanuc.strategies.FanucMultiStrategy.CollectForEachPathAsync(Int16 currentPath, String[] axis, String[] spindle, Object pathMarker) in C:\source\ladder99\fanuc-driver\fanuc\strategies\FanucMultiStrategy.cs:line 112
   at CallSite.Target(Closure, CallSite, Object)
   at l99.driver.fanuc.strategies.FanucExtendedStrategy.CollectAsync() in C:\source\ladder99\fanuc-driver\fanuc\strategies\FanucExtendedStrategy.cs:line 585|l99.driver.fanuc.strategies.FanucMultiStrategy|
2025/12/09 15:10:20.272|WARN|[STARK_TORNO_02] Strategy initialization pending (1 min) |l99.driver.fanuc.strategies.FanucMultiStrategy|
2025/12/09 15:10:20.317|WARN|[STARK_CENTRO_01] Strategy initialization pending (1 min) |l99.driver.fanuc.strategies.FanucMultiStrategy|
2025/12/09 15:11:15.807|INFO|[STARK_TORNO_PILOTO] Machine task stopping |l99.driver.base.Machines|
2025/12/09 15:11:15.807|INFO|[STARK_TORNO_PILOTO] Platform stopping |l99.driver.base.Machine|
2025/12/09 15:11:15.807|INFO|[STARK_TORNO_PILOTO] Platform stopped |l99.driver.base.Machine|
2025/12/09 15:11:15.807|INFO|[STARK_TORNO_PILOTO] Machine task stopped |l99.driver.base.Machines|
2025/12/09 15:11:26.572|WARN|[STARK_TORNO_02] Strategy initialization pending (2 min) |l99.driver.fanuc.strategies.FanucMultiStrategy|
2025/12/09 15:11:26.621|WARN|[STARK_CENTRO_01] Strategy initialization pending (2 min) |l99.driver.fanuc.strategies.FanucMultiStrategy|
2025/12/09 15:12:14.900|DEBUG|Adding machine:
{
  "id": "STARK_TORNO_PILOTO",
  "enabled": true,
  "type": "l99.driver.fanuc.FanucMachine, fanuc",
  "strategy": "l99.driver.fanuc.strategies.FanucMultiStrategy, fanuc",
  "handler": "l99.driver.fanuc.handlers.FanucOne, fanuc",
  "transport": "l99.driver.fanuc.transports.MQTT, fanuc"
} |l99.driver.base.Machines|
2025/12/09 15:12:14.986|DEBUG|[STARK_TORNO_PILOTO] Creating machine, enabled: True |l99.driver.base.Machine|
2025/12/09 15:12:14.986|DEBUG|[STARK_TORNO_PILOTO] Creating veneers holder |l99.driver.base.Veneers|
2025/12/09 15:12:14.986|DEBUG|[STARK_TORNO_PILOTO] Adding 'platform' to property bag. |l99.driver.base.Machine|
2025/12/09 15:12:15.020|DEBUG|[STARK_TORNO_PILOTO] Creating transport: l99.driver.fanuc.transports.MQTT |l99.driver.base.Machine|
2025/12/09 15:12:15.139|INFO|[STARK_TORNO_PILOTO] Connecting broker 'tcp://127.0.0.1:1883/STARK_TORNO_PILOTO': Unspecified/127.0.0.1:1883 |l99.driver.fanuc.transports.MQTT|
2025/12/09 15:12:15.215|INFO|[STARK_TORNO_PILOTO] Connected broker 'tcp://127.0.0.1:1883/STARK_TORNO_PILOTO': Unspecified/127.0.0.1:1883 |l99.driver.fanuc.transports.MQTT|
2025/12/09 15:12:15.215|DEBUG|[STARK_TORNO_PILOTO] Creating strategy: l99.driver.fanuc.strategies.FanucMultiStrategy |l99.driver.base.Machine|
2025/12/09 15:12:15.257|INFO|[STARK_TORNO_PILOTO] Creating collector: l99.driver.fanuc.collectors.MachineInfo, fanuc |l99.driver.fanuc.strategies.FanucMultiStrategy|
2025/12/09 15:12:15.269|INFO|[STARK_TORNO_PILOTO] Creating collector: l99.driver.fanuc.collectors.Alarms, fanuc |l99.driver.fanuc.strategies.FanucMultiStrategy|
2025/12/09 15:12:15.269|INFO|[STARK_TORNO_PILOTO] Creating collector: l99.driver.fanuc.collectors.StateData, fanuc |l99.driver.fanuc.strategies.FanucMultiStrategy|
2025/12/09 15:12:15.269|INFO|[STARK_TORNO_PILOTO] Creating collector: l99.driver.fanuc.collectors.ProductionData, fanuc |l99.driver.fanuc.strategies.FanucMultiStrategy|
2025/12/09 15:12:15.283|INFO|[STARK_TORNO_PILOTO] Creating collector: l99.driver.fanuc.collectors.SpindleData, fanuc |l99.driver.fanuc.strategies.FanucMultiStrategy|
2025/12/09 15:12:15.283|DEBUG|[STARK_TORNO_PILOTO] Creating handler: l99.driver.fanuc.handlers.FanucOne |l99.driver.base.Machine|
2025/12/09 15:12:15.283|DEBUG|Adding machine:
{
  "id": "STARK_TORNO_02",
  "enabled": true,
  "type": "l99.driver.fanuc.FanucMachine, fanuc",
  "strategy": "l99.driver.fanuc.strategies.FanucMultiStrategy, fanuc",
  "handler": "l99.driver.fanuc.handlers.FanucOne, fanuc",
  "transport": "l99.driver.fanuc.transports.MQTT, fanuc"
} |l99.driver.base.Machines|
2025/12/09 15:12:15.283|DEBUG|[STARK_TORNO_02] Creating machine, enabled: True |l99.driver.base.Machine|
2025/12/09 15:12:15.283|DEBUG|[STARK_TORNO_02] Creating veneers holder |l99.driver.base.Veneers|
2025/12/09 15:12:15.283|DEBUG|[STARK_TORNO_02] Adding 'platform' to property bag. |l99.driver.base.Machine|
2025/12/09 15:12:15.283|DEBUG|[STARK_TORNO_02] Creating transport: l99.driver.fanuc.transports.MQTT |l99.driver.base.Machine|
2025/12/09 15:12:15.283|INFO|[STARK_TORNO_02] Connecting broker 'tcp://127.0.0.1:1883/STARK_TORNO_02': Unspecified/127.0.0.1:1883 |l99.driver.fanuc.transports.MQTT|
2025/12/09 15:12:15.300|INFO|[STARK_TORNO_02] Connected broker 'tcp://127.0.0.1:1883/STARK_TORNO_02': Unspecified/127.0.0.1:1883 |l99.driver.fanuc.transports.MQTT|
2025/12/09 15:12:15.300|DEBUG|[STARK_TORNO_02] Creating strategy: l99.driver.fanuc.strategies.FanucMultiStrategy |l99.driver.base.Machine|
2025/12/09 15:12:15.300|INFO|[STARK_TORNO_02] Creating collector: l99.driver.fanuc.collectors.MachineInfo, fanuc |l99.driver.fanuc.strategies.FanucMultiStrategy|
2025/12/09 15:12:15.300|INFO|[STARK_TORNO_02] Creating collector: l99.driver.fanuc.collectors.Alarms, fanuc |l99.driver.fanuc.strategies.FanucMultiStrategy|
2025/12/09 15:12:15.300|INFO|[STARK_TORNO_02] Creating collector: l99.driver.fanuc.collectors.StateData, fanuc |l99.driver.fanuc.strategies.FanucMultiStrategy|
2025/12/09 15:12:15.300|INFO|[STARK_TORNO_02] Creating collector: l99.driver.fanuc.collectors.ProductionData, fanuc |l99.driver.fanuc.strategies.FanucMultiStrategy|
2025/12/09 15:12:15.300|INFO|[STARK_TORNO_02] Creating collector: l99.driver.fanuc.collectors.SpindleData, fanuc |l99.driver.fanuc.strategies.FanucMultiStrategy|
2025/12/09 15:12:15.300|DEBUG|[STARK_TORNO_02] Creating handler: l99.driver.fanuc.handlers.FanucOne |l99.driver.base.Machine|
2025/12/09 15:12:15.300|DEBUG|Adding machine:
{
  "id": "STARK_CENTRO_01",
  "enabled": true,
  "type": "l99.driver.fanuc.FanucMachine, fanuc",
  "strategy": "l99.driver.fanuc.strategies.FanucMultiStrategy, fanuc",
  "handler": "l99.driver.fanuc.handlers.FanucOne, fanuc",
  "transport": "l99.driver.fanuc.transports.MQTT, fanuc"
} |l99.driver.base.Machines|
2025/12/09 15:12:15.300|DEBUG|[STARK_CENTRO_01] Creating machine, enabled: True |l99.driver.base.Machine|
2025/12/09 15:12:15.300|DEBUG|[STARK_CENTRO_01] Creating veneers holder |l99.driver.base.Veneers|
2025/12/09 15:12:15.300|DEBUG|[STARK_CENTRO_01] Adding 'platform' to property bag. |l99.driver.base.Machine|
2025/12/09 15:12:15.300|DEBUG|[STARK_CENTRO_01] Creating transport: l99.driver.fanuc.transports.MQTT |l99.driver.base.Machine|
2025/12/09 15:12:15.300|INFO|[STARK_CENTRO_01] Connecting broker 'tcp://127.0.0.1:1883/STARK_CENTRO_01': Unspecified/127.0.0.1:1883 |l99.driver.fanuc.transports.MQTT|
2025/12/09 15:12:15.300|INFO|[STARK_CENTRO_01] Connected broker 'tcp://127.0.0.1:1883/STARK_CENTRO_01': Unspecified/127.0.0.1:1883 |l99.driver.fanuc.transports.MQTT|
2025/12/09 15:12:15.300|DEBUG|[STARK_CENTRO_01] Creating strategy: l99.driver.fanuc.strategies.FanucMultiStrategy |l99.driver.base.Machine|
2025/12/09 15:12:15.300|INFO|[STARK_CENTRO_01] Creating collector: l99.driver.fanuc.collectors.MachineInfo, fanuc |l99.driver.fanuc.strategies.FanucMultiStrategy|
2025/12/09 15:12:15.300|INFO|[STARK_CENTRO_01] Creating collector: l99.driver.fanuc.collectors.Alarms, fanuc |l99.driver.fanuc.strategies.FanucMultiStrategy|
2025/12/09 15:12:15.300|INFO|[STARK_CENTRO_01] Creating collector: l99.driver.fanuc.collectors.StateData, fanuc |l99.driver.fanuc.strategies.FanucMultiStrategy|
2025/12/09 15:12:15.300|INFO|[STARK_CENTRO_01] Creating collector: l99.driver.fanuc.collectors.ProductionData, fanuc |l99.driver.fanuc.strategies.FanucMultiStrategy|
2025/12/09 15:12:15.300|INFO|[STARK_CENTRO_01] Creating collector: l99.driver.fanuc.collectors.SpindleData, fanuc |l99.driver.fanuc.strategies.FanucMultiStrategy|
2025/12/09 15:12:15.300|DEBUG|[STARK_CENTRO_01] Creating handler: l99.driver.fanuc.handlers.FanucOne |l99.driver.base.Machine|
2025/12/09 15:12:15.313|INFO|[f_sim_mqtt_long] Machine disabled and will not be added |l99.driver.base.Machines|
2025/12/09 15:12:15.313|INFO|[f_sim_mtc_long] Machine disabled and will not be added |l99.driver.base.Machines|
2025/12/09 15:12:15.313|INFO|[f_sim_spb_long] Machine disabled and will not be added |l99.driver.base.Machines|
2025/12/09 15:12:15.313|INFO|[f_sim_influx_long] Machine disabled and will not be added |l99.driver.base.Machines|
2025/12/09 15:12:15.313|INFO|Machine tasks running |l99.driver.base.Machines|
2025/12/09 15:12:15.313|DEBUG|[STARK_TORNO_02] Initializing strategy... |l99.driver.base.Machine|
2025/12/09 15:12:15.313|DEBUG|[STARK_TORNO_PILOTO] Initializing strategy... |l99.driver.base.Machine|
2025/12/09 15:12:15.313|DEBUG|[STARK_CENTRO_01] Initializing strategy... |l99.driver.base.Machine|
2025/12/09 15:12:15.342|INFO|[STARK_CENTRO_01] Strategy initializing |l99.driver.fanuc.strategies.FanucMultiStrategy|
2025/12/09 15:12:15.342|INFO|[STARK_TORNO_02] Strategy initializing |l99.driver.fanuc.strategies.FanucMultiStrategy|
2025/12/09 15:12:15.342|INFO|[STARK_TORNO_PILOTO] Strategy initializing |l99.driver.fanuc.strategies.FanucMultiStrategy|
2025/12/09 15:12:15.578|DEBUG|[STARK_TORNO_PILOTO] Applying veneer: l99.driver.fanuc.veneers.FocasPerf |l99.driver.base.Machine|
2025/12/09 15:12:15.578|DEBUG|[STARK_TORNO_PILOTO] Applying veneer: l99.driver.fanuc.veneers.Connection |l99.driver.base.Machine|
2025/12/09 15:12:15.578|DEBUG|[STARK_TORNO_PILOTO] Applying veneer: l99.driver.fanuc.veneers.GetPath |l99.driver.base.Machine|
2025/12/09 15:12:15.605|DEBUG|[STARK_TORNO_PILOTO] Applying veneer: l99.driver.fanuc.veneers.RdAxisname |l99.driver.base.Machine|
2025/12/09 15:12:15.605|DEBUG|[STARK_TORNO_PILOTO] Applying veneer: l99.driver.fanuc.veneers.RdSpindlename |l99.driver.base.Machine|
2025/12/09 15:12:15.612|DEBUG|[STARK_TORNO_PILOTO] Applying veneer: l99.driver.fanuc.veneers.SysInfo |l99.driver.base.Machine|
2025/12/09 15:12:15.612|DEBUG|[STARK_TORNO_PILOTO] Applying veneer: l99.driver.fanuc.veneers.AlarmsSeries |l99.driver.base.Machine|
2025/12/09 15:12:15.612|DEBUG|[STARK_TORNO_PILOTO] Applying veneer: l99.driver.fanuc.veneers.StateData |l99.driver.base.Machine|
2025/12/09 15:12:15.612|DEBUG|[STARK_TORNO_PILOTO] Applying veneer: l99.driver.fanuc.veneers.ProductionData |l99.driver.base.Machine|
2025/12/09 15:12:15.768|DEBUG|[STARK_TORNO_PILOTO] Applying veneer: l99.driver.fanuc.veneers.SpindleData |l99.driver.base.Machine|
2025/12/09 15:12:15.904|INFO|[STARK_TORNO_PILOTO] Strategy initialized |l99.driver.fanuc.strategies.FanucMultiStrategy|
2025/12/09 15:12:17.106|INFO|[STARK_TORNO_PILOTO] Strategy started |l99.driver.fanuc.strategies.FanucMultiStrategy|
2025/12/09 15:12:25.435|WARN|[STARK_TORNO_02] Strategy initialization pending (0 min) |l99.driver.fanuc.strategies.FanucMultiStrategy|
2025/12/09 15:12:25.499|WARN|[STARK_CENTRO_01] Strategy initialization pending (0 min) |l99.driver.fanuc.strategies.FanucMultiStrategy|
2025/12/09 15:16:48.196|DEBUG|Adding machine:
{
  "id": "STARK_TORNO_PILOTO",
  "enabled": true,
  "type": "l99.driver.fanuc.FanucMachine, fanuc",
  "strategy": "l99.driver.fanuc.strategies.FanucMultiStrategy, fanuc",
  "handler": "l99.driver.fanuc.handlers.FanucOne, fanuc",
  "transport": "l99.driver.fanuc.transports.MQTT, fanuc"
} |l99.driver.base.Machines|
2025/12/09 15:16:48.290|DEBUG|[STARK_TORNO_PILOTO] Creating machine, enabled: True |l99.driver.base.Machine|
2025/12/09 15:16:48.290|DEBUG|[STARK_TORNO_PILOTO] Creating veneers holder |l99.driver.base.Veneers|
2025/12/09 15:16:48.306|DEBUG|[STARK_TORNO_PILOTO] Adding 'platform' to property bag. |l99.driver.base.Machine|
2025/12/09 15:16:48.329|DEBUG|[STARK_TORNO_PILOTO] Creating transport: l99.driver.fanuc.transports.MQTT |l99.driver.base.Machine|
2025/12/09 15:16:48.467|INFO|[STARK_TORNO_PILOTO] Connecting broker 'tcp://127.0.0.1:1883/STARK_TORNO_PILOTO': Unspecified/127.0.0.1:1883 |l99.driver.fanuc.transports.MQTT|
2025/12/09 15:16:48.556|INFO|[STARK_TORNO_PILOTO] Connected broker 'tcp://127.0.0.1:1883/STARK_TORNO_PILOTO': Unspecified/127.0.0.1:1883 |l99.driver.fanuc.transports.MQTT|
2025/12/09 15:16:48.556|DEBUG|[STARK_TORNO_PILOTO] Creating strategy: l99.driver.fanuc.strategies.FanucMultiStrategy |l99.driver.base.Machine|
2025/12/09 15:16:48.603|INFO|[STARK_TORNO_PILOTO] Creating collector: l99.driver.fanuc.collectors.MachineInfo, fanuc |l99.driver.fanuc.strategies.FanucMultiStrategy|
2025/12/09 15:16:48.617|INFO|[STARK_TORNO_PILOTO] Creating collector: l99.driver.fanuc.collectors.Alarms, fanuc |l99.driver.fanuc.strategies.FanucMultiStrategy|
2025/12/09 15:16:48.626|INFO|[STARK_TORNO_PILOTO] Creating collector: l99.driver.fanuc.collectors.StateData, fanuc |l99.driver.fanuc.strategies.FanucMultiStrategy|
2025/12/09 15:16:48.626|INFO|[STARK_TORNO_PILOTO] Creating collector: l99.driver.fanuc.collectors.ProductionData, fanuc |l99.driver.fanuc.strategies.FanucMultiStrategy|
2025/12/09 15:16:48.626|INFO|[STARK_TORNO_PILOTO] Creating collector: l99.driver.fanuc.collectors.SpindleData, fanuc |l99.driver.fanuc.strategies.FanucMultiStrategy|
2025/12/09 15:16:48.626|DEBUG|[STARK_TORNO_PILOTO] Creating handler: l99.driver.fanuc.handlers.FanucOne |l99.driver.base.Machine|
2025/12/09 15:16:48.643|DEBUG|Adding machine:
{
  "id": "STARK_TORNO_02",
  "enabled": true,
  "type": "l99.driver.fanuc.FanucMachine, fanuc",
  "strategy": "l99.driver.fanuc.strategies.FanucMultiStrategy, fanuc",
  "handler": "l99.driver.fanuc.handlers.FanucOne, fanuc",
  "transport": "l99.driver.fanuc.transports.MQTT, fanuc"
} |l99.driver.base.Machines|
2025/12/09 15:16:48.643|DEBUG|[STARK_TORNO_02] Creating machine, enabled: True |l99.driver.base.Machine|
2025/12/09 15:16:48.643|DEBUG|[STARK_TORNO_02] Creating veneers holder |l99.driver.base.Veneers|
2025/12/09 15:16:48.643|DEBUG|[STARK_TORNO_02] Adding 'platform' to property bag. |l99.driver.base.Machine|
2025/12/09 15:16:48.643|DEBUG|[STARK_TORNO_02] Creating transport: l99.driver.fanuc.transports.MQTT |l99.driver.base.Machine|
2025/12/09 15:16:48.643|INFO|[STARK_TORNO_02] Connecting broker 'tcp://127.0.0.1:1883/STARK_TORNO_02': Unspecified/127.0.0.1:1883 |l99.driver.fanuc.transports.MQTT|
2025/12/09 15:16:48.643|INFO|[STARK_TORNO_02] Connected broker 'tcp://127.0.0.1:1883/STARK_TORNO_02': Unspecified/127.0.0.1:1883 |l99.driver.fanuc.transports.MQTT|
2025/12/09 15:16:48.643|DEBUG|[STARK_TORNO_02] Creating strategy: l99.driver.fanuc.strategies.FanucMultiStrategy |l99.driver.base.Machine|
2025/12/09 15:16:48.643|INFO|[STARK_TORNO_02] Creating collector: l99.driver.fanuc.collectors.MachineInfo, fanuc |l99.driver.fanuc.strategies.FanucMultiStrategy|
2025/12/09 15:16:48.643|INFO|[STARK_TORNO_02] Creating collector: l99.driver.fanuc.collectors.Alarms, fanuc |l99.driver.fanuc.strategies.FanucMultiStrategy|
2025/12/09 15:16:48.657|INFO|[STARK_TORNO_02] Creating collector: l99.driver.fanuc.collectors.StateData, fanuc |l99.driver.fanuc.strategies.FanucMultiStrategy|
2025/12/09 15:16:48.657|INFO|[STARK_TORNO_02] Creating collector: l99.driver.fanuc.collectors.ProductionData, fanuc |l99.driver.fanuc.strategies.FanucMultiStrategy|
2025/12/09 15:16:48.657|INFO|[STARK_TORNO_02] Creating collector: l99.driver.fanuc.collectors.SpindleData, fanuc |l99.driver.fanuc.strategies.FanucMultiStrategy|
2025/12/09 15:16:48.657|DEBUG|[STARK_TORNO_02] Creating handler: l99.driver.fanuc.handlers.FanucOne |l99.driver.base.Machine|
2025/12/09 15:16:48.657|DEBUG|Adding machine:
{
  "id": "STARK_CENTRO_01",
  "enabled": true,
  "type": "l99.driver.fanuc.FanucMachine, fanuc",
  "strategy": "l99.driver.fanuc.strategies.FanucMultiStrategy, fanuc",
  "handler": "l99.driver.fanuc.handlers.FanucOne, fanuc",
  "transport": "l99.driver.fanuc.transports.MQTT, fanuc"
} |l99.driver.base.Machines|
2025/12/09 15:16:48.657|DEBUG|[STARK_CENTRO_01] Creating machine, enabled: True |l99.driver.base.Machine|
2025/12/09 15:16:48.657|DEBUG|[STARK_CENTRO_01] Creating veneers holder |l99.driver.base.Veneers|
2025/12/09 15:16:48.657|DEBUG|[STARK_CENTRO_01] Adding 'platform' to property bag. |l99.driver.base.Machine|
2025/12/09 15:16:48.657|DEBUG|[STARK_CENTRO_01] Creating transport: l99.driver.fanuc.transports.MQTT |l99.driver.base.Machine|
2025/12/09 15:16:48.657|INFO|[STARK_CENTRO_01] Connecting broker 'tcp://127.0.0.1:1883/STARK_CENTRO_01': Unspecified/127.0.0.1:1883 |l99.driver.fanuc.transports.MQTT|
2025/12/09 15:16:48.657|INFO|[STARK_CENTRO_01] Connected broker 'tcp://127.0.0.1:1883/STARK_CENTRO_01': Unspecified/127.0.0.1:1883 |l99.driver.fanuc.transports.MQTT|
2025/12/09 15:16:48.657|DEBUG|[STARK_CENTRO_01] Creating strategy: l99.driver.fanuc.strategies.FanucMultiStrategy |l99.driver.base.Machine|
2025/12/09 15:16:48.657|INFO|[STARK_CENTRO_01] Creating collector: l99.driver.fanuc.collectors.MachineInfo, fanuc |l99.driver.fanuc.strategies.FanucMultiStrategy|
2025/12/09 15:16:48.657|INFO|[STARK_CENTRO_01] Creating collector: l99.driver.fanuc.collectors.Alarms, fanuc |l99.driver.fanuc.strategies.FanucMultiStrategy|
2025/12/09 15:16:48.657|INFO|[STARK_CENTRO_01] Creating collector: l99.driver.fanuc.collectors.StateData, fanuc |l99.driver.fanuc.strategies.FanucMultiStrategy|
2025/12/09 15:16:48.657|INFO|[STARK_CENTRO_01] Creating collector: l99.driver.fanuc.collectors.ProductionData, fanuc |l99.driver.fanuc.strategies.FanucMultiStrategy|
2025/12/09 15:16:48.657|INFO|[STARK_CENTRO_01] Creating collector: l99.driver.fanuc.collectors.SpindleData, fanuc |l99.driver.fanuc.strategies.FanucMultiStrategy|
2025/12/09 15:16:48.657|DEBUG|[STARK_CENTRO_01] Creating handler: l99.driver.fanuc.handlers.FanucOne |l99.driver.base.Machine|
2025/12/09 15:16:48.657|INFO|[f_sim_mqtt_long] Machine disabled and will not be added |l99.driver.base.Machines|
2025/12/09 15:16:48.657|INFO|[f_sim_mtc_long] Machine disabled and will not be added |l99.driver.base.Machines|
2025/12/09 15:16:48.657|INFO|[f_sim_spb_long] Machine disabled and will not be added |l99.driver.base.Machines|
2025/12/09 15:16:48.657|INFO|[f_sim_influx_long] Machine disabled and will not be added |l99.driver.base.Machines|
2025/12/09 15:16:48.677|INFO|Machine tasks running |l99.driver.base.Machines|
2025/12/09 15:16:48.677|DEBUG|[STARK_TORNO_02] Initializing strategy... |l99.driver.base.Machine|
2025/12/09 15:16:48.677|DEBUG|[STARK_TORNO_PILOTO] Initializing strategy... |l99.driver.base.Machine|
2025/12/09 15:16:48.677|DEBUG|[STARK_CENTRO_01] Initializing strategy... |l99.driver.base.Machine|
2025/12/09 15:16:48.697|INFO|[STARK_TORNO_02] Strategy initializing |l99.driver.fanuc.strategies.FanucMultiStrategy|
2025/12/09 15:16:48.697|INFO|[STARK_TORNO_PILOTO] Strategy initializing |l99.driver.fanuc.strategies.FanucMultiStrategy|
2025/12/09 15:16:48.697|INFO|[STARK_CENTRO_01] Strategy initializing |l99.driver.fanuc.strategies.FanucMultiStrategy|
2025/12/09 15:16:58.815|WARN|[STARK_CENTRO_01] Strategy initialization pending (0 min) |l99.driver.fanuc.strategies.FanucMultiStrategy|
2025/12/09 15:16:58.815|WARN|[STARK_TORNO_02] Strategy initialization pending (0 min) |l99.driver.fanuc.strategies.FanucMultiStrategy|
2025/12/09 15:16:58.866|WARN|[STARK_TORNO_PILOTO] Strategy initialization pending (0 min) |l99.driver.fanuc.strategies.FanucMultiStrategy|
2025/12/09 15:17:33.203|DEBUG|[STARK_TORNO_PILOTO] Applying veneer: l99.driver.fanuc.veneers.FocasPerf |l99.driver.base.Machine|
2025/12/09 15:17:33.206|DEBUG|[STARK_TORNO_PILOTO] Applying veneer: l99.driver.fanuc.veneers.Connection |l99.driver.base.Machine|
2025/12/09 15:17:33.206|DEBUG|[STARK_TORNO_PILOTO] Applying veneer: l99.driver.fanuc.veneers.GetPath |l99.driver.base.Machine|
2025/12/09 15:17:33.234|DEBUG|[STARK_TORNO_PILOTO] Applying veneer: l99.driver.fanuc.veneers.RdAxisname |l99.driver.base.Machine|
2025/12/09 15:17:33.240|DEBUG|[STARK_TORNO_PILOTO] Applying veneer: l99.driver.fanuc.veneers.RdSpindlename |l99.driver.base.Machine|
2025/12/09 15:17:33.240|DEBUG|[STARK_TORNO_PILOTO] Applying veneer: l99.driver.fanuc.veneers.SysInfo |l99.driver.base.Machine|
2025/12/09 15:17:33.240|DEBUG|[STARK_TORNO_PILOTO] Applying veneer: l99.driver.fanuc.veneers.AlarmsSeries |l99.driver.base.Machine|
2025/12/09 15:17:33.253|DEBUG|[STARK_TORNO_PILOTO] Applying veneer: l99.driver.fanuc.veneers.StateData |l99.driver.base.Machine|
2025/12/09 15:17:33.253|DEBUG|[STARK_TORNO_PILOTO] Applying veneer: l99.driver.fanuc.veneers.ProductionData |l99.driver.base.Machine|
2025/12/09 15:17:33.410|DEBUG|[STARK_TORNO_PILOTO] Applying veneer: l99.driver.fanuc.veneers.SpindleData |l99.driver.base.Machine|
2025/12/09 15:17:33.522|INFO|[STARK_TORNO_PILOTO] Strategy initialized |l99.driver.fanuc.strategies.FanucMultiStrategy|
2025/12/09 15:17:35.053|INFO|[STARK_TORNO_PILOTO] Strategy started |l99.driver.fanuc.strategies.FanucMultiStrategy|
2025/12/09 15:18:05.109|WARN|[STARK_CENTRO_01] Strategy initialization pending (1 min) |l99.driver.fanuc.strategies.FanucMultiStrategy|
2025/12/09 15:18:05.172|WARN|[STARK_TORNO_02] Strategy initialization pending (1 min) |l99.driver.fanuc.strategies.FanucMultiStrategy|
2025/12/09 15:18:29.581|ERROR|[STARK_TORNO_PILOTO] Connection lost. |l99.driver.fanuc.Platform|
2025/12/09 15:18:29.595|ERROR|[STARK_TORNO_PILOTO] Strategy sweep failed at segment Spindle System.Net.Sockets.SocketException (0xFFFFFFF0): Unknown error (0xfffffff0)
   at l99.driver.fanuc.Platform.DiagnossDoubleWordAsync(Int16 number, Int16 axis)
   at CallSite.Target(Closure, CallSite, Object)
   at l99.driver.fanuc.collectors.SpindleData.CollectForEachSpindleAsync(Int16 currentPath, Int16 currentSpindle, String spindleName, Object spindleSplit, Object spindleMarker) in C:\source\ladder99\fanuc-driver\fanuc\collectors\SpindleData.cs:line 130
   at CallSite.Target(Closure, CallSite, Object)
   at l99.driver.fanuc.strategies.FanucMultiStrategy.CollectForEachSpindleAsync(Int16 currentPath, Int16 currentSpindle, String spindleName, Object spindleSplit, Object spindleMarker) in C:\source\ladder99\fanuc-driver\fanuc\strategies\FanucMultiStrategy.cs:line 146
   at CallSite.Target(Closure, CallSite, Object)
   at l99.driver.fanuc.strategies.FanucExtendedStrategy.CollectAsync() in C:\source\ladder99\fanuc-driver\fanuc\strategies\FanucExtendedStrategy.cs:line 613|l99.driver.fanuc.strategies.FanucMultiStrategy|
2025/12/09 15:19:11.450|WARN|[STARK_TORNO_02] Strategy initialization pending (2 min) |l99.driver.fanuc.strategies.FanucMultiStrategy|
2025/12/09 15:19:11.480|WARN|[STARK_CENTRO_01] Strategy initialization pending (2 min) |l99.driver.fanuc.strategies.FanucMultiStrategy|
2025/12/09 15:20:17.782|WARN|[STARK_TORNO_02] Strategy initialization pending (3 min) |l99.driver.fanuc.strategies.FanucMultiStrategy|
2025/12/09 15:20:17.839|WARN|[STARK_CENTRO_01] Strategy initialization pending (3 min) |l99.driver.fanuc.strategies.FanucMultiStrategy|
2025/12/09 15:20:21.370|INFO|[STARK_TORNO_PILOTO] Strategy recovered |l99.driver.fanuc.strategies.FanucMultiStrategy|
2025/12/09 15:20:41.510|ERROR|[STARK_TORNO_PILOTO] Connection lost. |l99.driver.fanuc.Platform|
2025/12/09 15:20:41.516|ERROR|[STARK_TORNO_PILOTO] Strategy sweep failed at segment Root System.Net.Sockets.SocketException (0xFFFFFFF0): Unknown error (0xfffffff0)
   at l99.driver.fanuc.Platform.RdParam(Int16 number, Int16 axis, Int16 length, Int32 IODBPSD_type) in C:\source\ladder99\fanuc-driver\fanuc\platform\RdParam.cs:line 52
   at l99.driver.fanuc.Platform.RdParamDoubleWordNoAxisAsync(Int16 number) in C:\source\ladder99\fanuc-driver\fanuc\platform\RdParam.cs:line 17
   at CallSite.Target(Closure, CallSite, Object)
   at l99.driver.fanuc.collectors.StateData.CollectRootAsync() in C:\source\ladder99\fanuc-driver\fanuc\collectors\StateData.cs:line 20
   at l99.driver.fanuc.strategies.FanucMultiStrategy.CollectRootAsync() in C:\source\ladder99\fanuc-driver\fanuc\strategies\FanucMultiStrategy.cs:line 97
   at l99.driver.fanuc.strategies.FanucExtendedStrategy.CollectAsync() in C:\source\ladder99\fanuc-driver\fanuc\strategies\FanucExtendedStrategy.cs:line 517|l99.driver.fanuc.strategies.FanucMultiStrategy|
2025/12/09 15:21:24.086|WARN|[STARK_TORNO_02] Strategy initialization pending (4 min) |l99.driver.fanuc.strategies.FanucMultiStrategy|
2025/12/09 15:21:24.134|WARN|[STARK_CENTRO_01] Strategy initialization pending (4 min) |l99.driver.fanuc.strategies.FanucMultiStrategy|
2025/12/09 15:22:30.395|WARN|[STARK_TORNO_02] Strategy initialization pending (5 min) |l99.driver.fanuc.strategies.FanucMultiStrategy|
2025/12/09 15:22:30.445|WARN|[STARK_CENTRO_01] Strategy initialization pending (5 min) |l99.driver.fanuc.strategies.FanucMultiStrategy|
2025/12/09 15:23:15.414|INFO|[STARK_TORNO_PILOTO] Machine task stopping |l99.driver.base.Machines|
2025/12/09 15:23:15.414|INFO|[STARK_TORNO_PILOTO] Platform stopping |l99.driver.base.Machine|
2025/12/09 15:23:15.414|INFO|[STARK_TORNO_PILOTO] Platform stopped |l99.driver.base.Machine|
2025/12/09 15:23:15.414|INFO|[STARK_TORNO_PILOTO] Machine task stopped |l99.driver.base.Machines|
2025/12/09 15:23:36.683|WARN|[STARK_TORNO_02] Strategy initialization pending (6 min) |l99.driver.fanuc.strategies.FanucMultiStrategy|
2025/12/09 15:23:36.727|WARN|[STARK_CENTRO_01] Strategy initialization pending (6 min) |l99.driver.fanuc.strategies.FanucMultiStrategy|
2025/12/09 15:23:56.261|DEBUG|Adding machine:
{
  "id": "STARK_TORNO_PILOTO",
  "enabled": true,
  "type": "l99.driver.fanuc.FanucMachine, fanuc",
  "strategy": "l99.driver.fanuc.strategies.FanucMultiStrategy, fanuc",
  "handler": "l99.driver.fanuc.handlers.FanucOne, fanuc",
  "transport": "l99.driver.fanuc.transports.MQTT, fanuc"
} |l99.driver.base.Machines|
2025/12/09 15:23:56.348|DEBUG|[STARK_TORNO_PILOTO] Creating machine, enabled: True |l99.driver.base.Machine|
2025/12/09 15:23:56.348|DEBUG|[STARK_TORNO_PILOTO] Creating veneers holder |l99.driver.base.Veneers|
2025/12/09 15:23:56.363|DEBUG|[STARK_TORNO_PILOTO] Adding 'platform' to property bag. |l99.driver.base.Machine|
2025/12/09 15:23:56.393|DEBUG|[STARK_TORNO_PILOTO] Creating transport: l99.driver.fanuc.transports.MQTT |l99.driver.base.Machine|
2025/12/09 15:23:56.533|INFO|[STARK_TORNO_PILOTO] Connecting broker 'tcp://127.0.0.1:1883/STARK_TORNO_PILOTO': Unspecified/127.0.0.1:1883 |l99.driver.fanuc.transports.MQTT|
2025/12/09 15:23:56.625|INFO|[STARK_TORNO_PILOTO] Connected broker 'tcp://127.0.0.1:1883/STARK_TORNO_PILOTO': Unspecified/127.0.0.1:1883 |l99.driver.fanuc.transports.MQTT|
2025/12/09 15:23:56.629|DEBUG|[STARK_TORNO_PILOTO] Creating strategy: l99.driver.fanuc.strategies.FanucMultiStrategy |l99.driver.base.Machine|
2025/12/09 15:23:56.674|INFO|[STARK_TORNO_PILOTO] Creating collector: l99.driver.fanuc.collectors.MachineInfo, fanuc |l99.driver.fanuc.strategies.FanucMultiStrategy|
2025/12/09 15:23:56.688|INFO|[STARK_TORNO_PILOTO] Creating collector: l99.driver.fanuc.collectors.Alarms, fanuc |l99.driver.fanuc.strategies.FanucMultiStrategy|
2025/12/09 15:23:56.688|INFO|[STARK_TORNO_PILOTO] Creating collector: l99.driver.fanuc.collectors.StateData, fanuc |l99.driver.fanuc.strategies.FanucMultiStrategy|
2025/12/09 15:23:56.688|INFO|[STARK_TORNO_PILOTO] Creating collector: l99.driver.fanuc.collectors.ProductionData, fanuc |l99.driver.fanuc.strategies.FanucMultiStrategy|
2025/12/09 15:23:56.688|INFO|[STARK_TORNO_PILOTO] Creating collector: l99.driver.fanuc.collectors.SpindleData, fanuc |l99.driver.fanuc.strategies.FanucMultiStrategy|
2025/12/09 15:23:56.704|DEBUG|[STARK_TORNO_PILOTO] Creating handler: l99.driver.fanuc.handlers.FanucOne |l99.driver.base.Machine|
2025/12/09 15:23:56.704|DEBUG|Adding machine:
{
  "id": "STARK_TORNO_02",
  "enabled": true,
  "type": "l99.driver.fanuc.FanucMachine, fanuc",
  "strategy": "l99.driver.fanuc.strategies.FanucMultiStrategy, fanuc",
  "handler": "l99.driver.fanuc.handlers.FanucOne, fanuc",
  "transport": "l99.driver.fanuc.transports.MQTT, fanuc"
} |l99.driver.base.Machines|
2025/12/09 15:23:56.704|DEBUG|[STARK_TORNO_02] Creating machine, enabled: True |l99.driver.base.Machine|
2025/12/09 15:23:56.704|DEBUG|[STARK_TORNO_02] Creating veneers holder |l99.driver.base.Veneers|
2025/12/09 15:23:56.704|DEBUG|[STARK_TORNO_02] Adding 'platform' to property bag. |l99.driver.base.Machine|
2025/12/09 15:23:56.704|DEBUG|[STARK_TORNO_02] Creating transport: l99.driver.fanuc.transports.MQTT |l99.driver.base.Machine|
2025/12/09 15:23:56.704|INFO|[STARK_TORNO_02] Connecting broker 'tcp://127.0.0.1:1883/STARK_TORNO_02': Unspecified/127.0.0.1:1883 |l99.driver.fanuc.transports.MQTT|
2025/12/09 15:23:56.720|INFO|[STARK_TORNO_02] Connected broker 'tcp://127.0.0.1:1883/STARK_TORNO_02': Unspecified/127.0.0.1:1883 |l99.driver.fanuc.transports.MQTT|
2025/12/09 15:23:56.720|DEBUG|[STARK_TORNO_02] Creating strategy: l99.driver.fanuc.strategies.FanucMultiStrategy |l99.driver.base.Machine|
2025/12/09 15:23:56.720|INFO|[STARK_TORNO_02] Creating collector: l99.driver.fanuc.collectors.MachineInfo, fanuc |l99.driver.fanuc.strategies.FanucMultiStrategy|
2025/12/09 15:23:56.720|INFO|[STARK_TORNO_02] Creating collector: l99.driver.fanuc.collectors.Alarms, fanuc |l99.driver.fanuc.strategies.FanucMultiStrategy|
2025/12/09 15:23:56.720|INFO|[STARK_TORNO_02] Creating collector: l99.driver.fanuc.collectors.StateData, fanuc |l99.driver.fanuc.strategies.FanucMultiStrategy|
2025/12/09 15:23:56.720|INFO|[STARK_TORNO_02] Creating collector: l99.driver.fanuc.collectors.ProductionData, fanuc |l99.driver.fanuc.strategies.FanucMultiStrategy|
2025/12/09 15:23:56.720|INFO|[STARK_TORNO_02] Creating collector: l99.driver.fanuc.collectors.SpindleData, fanuc |l99.driver.fanuc.strategies.FanucMultiStrategy|
2025/12/09 15:23:56.720|DEBUG|[STARK_TORNO_02] Creating handler: l99.driver.fanuc.handlers.FanucOne |l99.driver.base.Machine|
2025/12/09 15:23:56.720|DEBUG|Adding machine:
{
  "id": "STARK_CENTRO_01",
  "enabled": true,
  "type": "l99.driver.fanuc.FanucMachine, fanuc",
  "strategy": "l99.driver.fanuc.strategies.FanucMultiStrategy, fanuc",
  "handler": "l99.driver.fanuc.handlers.FanucOne, fanuc",
  "transport": "l99.driver.fanuc.transports.MQTT, fanuc"
} |l99.driver.base.Machines|
2025/12/09 15:23:56.720|DEBUG|[STARK_CENTRO_01] Creating machine, enabled: True |l99.driver.base.Machine|
2025/12/09 15:23:56.720|DEBUG|[STARK_CENTRO_01] Creating veneers holder |l99.driver.base.Veneers|
2025/12/09 15:23:56.720|DEBUG|[STARK_CENTRO_01] Adding 'platform' to property bag. |l99.driver.base.Machine|
2025/12/09 15:23:56.720|DEBUG|[STARK_CENTRO_01] Creating transport: l99.driver.fanuc.transports.MQTT |l99.driver.base.Machine|
2025/12/09 15:23:56.720|INFO|[STARK_CENTRO_01] Connecting broker 'tcp://127.0.0.1:1883/STARK_CENTRO_01': Unspecified/127.0.0.1:1883 |l99.driver.fanuc.transports.MQTT|
2025/12/09 15:23:56.720|INFO|[STARK_CENTRO_01] Connected broker 'tcp://127.0.0.1:1883/STARK_CENTRO_01': Unspecified/127.0.0.1:1883 |l99.driver.fanuc.transports.MQTT|
2025/12/09 15:23:56.720|DEBUG|[STARK_CENTRO_01] Creating strategy: l99.driver.fanuc.strategies.FanucMultiStrategy |l99.driver.base.Machine|
2025/12/09 15:23:56.720|INFO|[STARK_CENTRO_01] Creating collector: l99.driver.fanuc.collectors.MachineInfo, fanuc |l99.driver.fanuc.strategies.FanucMultiStrategy|
2025/12/09 15:23:56.720|INFO|[STARK_CENTRO_01] Creating collector: l99.driver.fanuc.collectors.Alarms, fanuc |l99.driver.fanuc.strategies.FanucMultiStrategy|
2025/12/09 15:23:56.720|INFO|[STARK_CENTRO_01] Creating collector: l99.driver.fanuc.collectors.StateData, fanuc |l99.driver.fanuc.strategies.FanucMultiStrategy|
2025/12/09 15:23:56.720|INFO|[STARK_CENTRO_01] Creating collector: l99.driver.fanuc.collectors.ProductionData, fanuc |l99.driver.fanuc.strategies.FanucMultiStrategy|
2025/12/09 15:23:56.720|INFO|[STARK_CENTRO_01] Creating collector: l99.driver.fanuc.collectors.SpindleData, fanuc |l99.driver.fanuc.strategies.FanucMultiStrategy|
2025/12/09 15:23:56.720|DEBUG|[STARK_CENTRO_01] Creating handler: l99.driver.fanuc.handlers.FanucOne |l99.driver.base.Machine|
2025/12/09 15:23:56.720|INFO|[f_sim_mqtt_long] Machine disabled and will not be added |l99.driver.base.Machines|
2025/12/09 15:23:56.720|INFO|[f_sim_mtc_long] Machine disabled and will not be added |l99.driver.base.Machines|
2025/12/09 15:23:56.720|INFO|[f_sim_spb_long] Machine disabled and will not be added |l99.driver.base.Machines|
2025/12/09 15:23:56.720|INFO|[f_sim_influx_long] Machine disabled and will not be added |l99.driver.base.Machines|
2025/12/09 15:23:56.739|INFO|Machine tasks running |l99.driver.base.Machines|
2025/12/09 15:23:56.739|DEBUG|[STARK_TORNO_02] Initializing strategy... |l99.driver.base.Machine|
2025/12/09 15:23:56.739|DEBUG|[STARK_CENTRO_01] Initializing strategy... |l99.driver.base.Machine|
2025/12/09 15:23:56.739|DEBUG|[STARK_TORNO_PILOTO] Initializing strategy... |l99.driver.base.Machine|
2025/12/09 15:23:56.761|INFO|[STARK_TORNO_02] Strategy initializing |l99.driver.fanuc.strategies.FanucMultiStrategy|
2025/12/09 15:23:56.761|INFO|[STARK_TORNO_PILOTO] Strategy initializing |l99.driver.fanuc.strategies.FanucMultiStrategy|
2025/12/09 15:23:56.761|INFO|[STARK_CENTRO_01] Strategy initializing |l99.driver.fanuc.strategies.FanucMultiStrategy|
2025/12/09 15:24:06.874|WARN|[STARK_TORNO_PILOTO] Strategy initialization pending (0 min) |l99.driver.fanuc.strategies.FanucMultiStrategy|
2025/12/09 15:24:06.911|WARN|[STARK_TORNO_02] Strategy initialization pending (0 min) |l99.driver.fanuc.strategies.FanucMultiStrategy|
2025/12/09 15:24:06.911|WARN|[STARK_CENTRO_01] Strategy initialization pending (0 min) |l99.driver.fanuc.strategies.FanucMultiStrategy|
2025/12/09 15:24:52.214|DEBUG|[STARK_TORNO_PILOTO] Applying veneer: l99.driver.fanuc.veneers.FocasPerf |l99.driver.base.Machine|
2025/12/09 15:24:52.214|DEBUG|[STARK_TORNO_PILOTO] Applying veneer: l99.driver.fanuc.veneers.Connection |l99.driver.base.Machine|
2025/12/09 15:24:52.214|DEBUG|[STARK_TORNO_PILOTO] Applying veneer: l99.driver.fanuc.veneers.GetPath |l99.driver.base.Machine|
2025/12/09 15:24:52.235|DEBUG|[STARK_TORNO_PILOTO] Applying veneer: l99.driver.fanuc.veneers.RdAxisname |l99.driver.base.Machine|
2025/12/09 15:24:52.235|DEBUG|[STARK_TORNO_PILOTO] Applying veneer: l99.driver.fanuc.veneers.RdSpindlename |l99.driver.base.Machine|
2025/12/09 15:24:52.235|DEBUG|[STARK_TORNO_PILOTO] Applying veneer: l99.driver.fanuc.veneers.SysInfo |l99.driver.base.Machine|
2025/12/09 15:24:52.235|DEBUG|[STARK_TORNO_PILOTO] Applying veneer: l99.driver.fanuc.veneers.AlarmsSeries |l99.driver.base.Machine|
2025/12/09 15:24:52.235|DEBUG|[STARK_TORNO_PILOTO] Applying veneer: l99.driver.fanuc.veneers.StateData |l99.driver.base.Machine|
2025/12/09 15:24:52.235|DEBUG|[STARK_TORNO_PILOTO] Applying veneer: l99.driver.fanuc.veneers.ProductionData |l99.driver.base.Machine|
2025/12/09 15:24:52.391|DEBUG|[STARK_TORNO_PILOTO] Applying veneer: l99.driver.fanuc.veneers.SpindleData |l99.driver.base.Machine|
2025/12/09 15:24:52.528|INFO|[STARK_TORNO_PILOTO] Strategy initialized |l99.driver.fanuc.strategies.FanucMultiStrategy|
2025/12/09 15:24:53.745|INFO|[STARK_TORNO_PILOTO] Strategy started |l99.driver.fanuc.strategies.FanucMultiStrategy|
2025/12/09 15:25:13.283|WARN|[STARK_CENTRO_01] Strategy initialization pending (1 min) |l99.driver.fanuc.strategies.FanucMultiStrategy|
2025/12/09 15:25:13.283|WARN|[STARK_TORNO_02] Strategy initialization pending (1 min) |l99.driver.fanuc.strategies.FanucMultiStrategy|
2025/12/09 15:25:49.416|ERROR|[STARK_TORNO_PILOTO] Connection lost. |l99.driver.fanuc.Platform|
2025/12/09 15:25:49.416|ERROR|[STARK_TORNO_PILOTO] Strategy sweep failed at segment Path System.Net.Sockets.SocketException (0xFFFFFFF0): Unknown error (0xfffffff0)
   at l99.driver.fanuc.Platform._nativeDispatch(Func`1 func, Boolean throwOnSocketError) in C:\source\ladder99\fanuc-driver\fanuc\platform\Platform.cs:line 91
   at l99.driver.fanuc.Platform.ExePrgName2() in C:\source\ladder99\fanuc-driver\fanuc\platform\ExePrgName2.cs:line 14
   at l99.driver.fanuc.Platform.ExePrgName2Async() in C:\source\ladder99\fanuc-driver\fanuc\platform\ExePrgName2.cs:line 7
   at CallSite.Target(Closure, CallSite, Object)
   at l99.driver.fanuc.collectors.ProductionData.CollectForEachPathAsync(Int16 currentPath, String[] axis, String[] spindle, Object pathMarker) in C:\source\ladder99\fanuc-driver\fanuc\collectors\ProductionData.cs:line 26
   at CallSite.Target(Closure, CallSite, Object)
   at l99.driver.fanuc.strategies.FanucMultiStrategy.CollectForEachPathAsync(Int16 currentPath, String[] axis, String[] spindle, Object pathMarker) in C:\source\ladder99\fanuc-driver\fanuc\strategies\FanucMultiStrategy.cs:line 112
   at CallSite.Target(Closure, CallSite, Object)
   at l99.driver.fanuc.strategies.FanucExtendedStrategy.CollectAsync() in C:\source\ladder99\fanuc-driver\fanuc\strategies\FanucExtendedStrategy.cs:line 585|l99.driver.fanuc.strategies.FanucMultiStrategy|
2025/12/09 15:26:19.662|WARN|[STARK_CENTRO_01] Strategy initialization pending (2 min) |l99.driver.fanuc.strategies.FanucMultiStrategy|
2025/12/09 15:26:19.701|WARN|[STARK_TORNO_02] Strategy initialization pending (2 min) |l99.driver.fanuc.strategies.FanucMultiStrategy|
2025/12/09 15:27:26.020|WARN|[STARK_CENTRO_01] Strategy initialization pending (3 min) |l99.driver.fanuc.strategies.FanucMultiStrategy|
2025/12/09 15:27:26.020|WARN|[STARK_TORNO_02] Strategy initialization pending (3 min) |l99.driver.fanuc.strategies.FanucMultiStrategy|
2025/12/09 15:28:32.339|WARN|[STARK_CENTRO_01] Strategy initialization pending (4 min) |l99.driver.fanuc.strategies.FanucMultiStrategy|
2025/12/09 15:28:32.385|WARN|[STARK_TORNO_02] Strategy initialization pending (4 min) |l99.driver.fanuc.strategies.FanucMultiStrategy|
2025/12/09 15:28:35.388|INFO|[STARK_TORNO_PILOTO] Machine task stopping |l99.driver.base.Machines|
2025/12/09 15:28:35.393|INFO|[STARK_TORNO_PILOTO] Platform stopping |l99.driver.base.Machine|
2025/12/09 15:28:35.393|INFO|[STARK_TORNO_PILOTO] Platform stopped |l99.driver.base.Machine|
2025/12/09 15:28:35.393|INFO|[STARK_TORNO_PILOTO] Machine task stopped |l99.driver.base.Machines|
2025/12/09 15:30:37.681|DEBUG|Adding machine:
{
  "id": "STARK_TORNO_PILOTO",
  "enabled": true,
  "type": "l99.driver.fanuc.FanucMachine, fanuc",
  "strategy": "l99.driver.fanuc.strategies.FanucMultiStrategy, fanuc",
  "handler": "l99.driver.fanuc.handlers.FanucOne, fanuc",
  "transport": "l99.driver.fanuc.transports.MQTT, fanuc"
} |l99.driver.base.Machines|
2025/12/09 15:30:37.766|DEBUG|[STARK_TORNO_PILOTO] Creating machine, enabled: True |l99.driver.base.Machine|
2025/12/09 15:30:37.766|DEBUG|[STARK_TORNO_PILOTO] Creating veneers holder |l99.driver.base.Veneers|
2025/12/09 15:30:37.766|DEBUG|[STARK_TORNO_PILOTO] Adding 'platform' to property bag. |l99.driver.base.Machine|
2025/12/09 15:30:37.800|DEBUG|[STARK_TORNO_PILOTO] Creating transport: l99.driver.fanuc.transports.MQTT |l99.driver.base.Machine|
2025/12/09 15:30:37.922|INFO|[STARK_TORNO_PILOTO] Connecting broker 'tcp://127.0.0.1:1883/STARK_TORNO_PILOTO': Unspecified/127.0.0.1:1883 |l99.driver.fanuc.transports.MQTT|
2025/12/09 15:30:37.995|INFO|[STARK_TORNO_PILOTO] Connected broker 'tcp://127.0.0.1:1883/STARK_TORNO_PILOTO': Unspecified/127.0.0.1:1883 |l99.driver.fanuc.transports.MQTT|
2025/12/09 15:30:37.995|DEBUG|[STARK_TORNO_PILOTO] Creating strategy: l99.driver.fanuc.strategies.FanucMultiStrategy |l99.driver.base.Machine|
2025/12/09 15:30:38.037|INFO|[STARK_TORNO_PILOTO] Creating collector: l99.driver.fanuc.collectors.MachineInfo, fanuc |l99.driver.fanuc.strategies.FanucMultiStrategy|
2025/12/09 15:30:38.050|INFO|[STARK_TORNO_PILOTO] Creating collector: l99.driver.fanuc.collectors.Alarms, fanuc |l99.driver.fanuc.strategies.FanucMultiStrategy|
2025/12/09 15:30:38.050|INFO|[STARK_TORNO_PILOTO] Creating collector: l99.driver.fanuc.collectors.StateData, fanuc |l99.driver.fanuc.strategies.FanucMultiStrategy|
2025/12/09 15:30:38.050|INFO|[STARK_TORNO_PILOTO] Creating collector: l99.driver.fanuc.collectors.ProductionData, fanuc |l99.driver.fanuc.strategies.FanucMultiStrategy|
2025/12/09 15:30:38.050|INFO|[STARK_TORNO_PILOTO] Creating collector: l99.driver.fanuc.collectors.SpindleData, fanuc |l99.driver.fanuc.strategies.FanucMultiStrategy|
2025/12/09 15:30:38.063|DEBUG|[STARK_TORNO_PILOTO] Creating handler: l99.driver.fanuc.handlers.FanucOne |l99.driver.base.Machine|
2025/12/09 15:30:38.063|DEBUG|Adding machine:
{
  "id": "STARK_TORNO_02",
  "enabled": true,
  "type": "l99.driver.fanuc.FanucMachine, fanuc",
  "strategy": "l99.driver.fanuc.strategies.FanucMultiStrategy, fanuc",
  "handler": "l99.driver.fanuc.handlers.FanucOne, fanuc",
  "transport": "l99.driver.fanuc.transports.MQTT, fanuc"
} |l99.driver.base.Machines|
2025/12/09 15:30:38.063|DEBUG|[STARK_TORNO_02] Creating machine, enabled: True |l99.driver.base.Machine|
2025/12/09 15:30:38.063|DEBUG|[STARK_TORNO_02] Creating veneers holder |l99.driver.base.Veneers|
2025/12/09 15:30:38.063|DEBUG|[STARK_TORNO_02] Adding 'platform' to property bag. |l99.driver.base.Machine|
2025/12/09 15:30:38.063|DEBUG|[STARK_TORNO_02] Creating transport: l99.driver.fanuc.transports.MQTT |l99.driver.base.Machine|
2025/12/09 15:30:38.063|INFO|[STARK_TORNO_02] Connecting broker 'tcp://127.0.0.1:1883/STARK_TORNO_02': Unspecified/127.0.0.1:1883 |l99.driver.fanuc.transports.MQTT|
2025/12/09 15:30:38.063|INFO|[STARK_TORNO_02] Connected broker 'tcp://127.0.0.1:1883/STARK_TORNO_02': Unspecified/127.0.0.1:1883 |l99.driver.fanuc.transports.MQTT|
2025/12/09 15:30:38.063|DEBUG|[STARK_TORNO_02] Creating strategy: l99.driver.fanuc.strategies.FanucMultiStrategy |l99.driver.base.Machine|
2025/12/09 15:30:38.063|INFO|[STARK_TORNO_02] Creating collector: l99.driver.fanuc.collectors.MachineInfo, fanuc |l99.driver.fanuc.strategies.FanucMultiStrategy|
2025/12/09 15:30:38.063|INFO|[STARK_TORNO_02] Creating collector: l99.driver.fanuc.collectors.Alarms, fanuc |l99.driver.fanuc.strategies.FanucMultiStrategy|
2025/12/09 15:30:38.078|INFO|[STARK_TORNO_02] Creating collector: l99.driver.fanuc.collectors.StateData, fanuc |l99.driver.fanuc.strategies.FanucMultiStrategy|
2025/12/09 15:30:38.078|INFO|[STARK_TORNO_02] Creating collector: l99.driver.fanuc.collectors.ProductionData, fanuc |l99.driver.fanuc.strategies.FanucMultiStrategy|
2025/12/09 15:30:38.078|INFO|[STARK_TORNO_02] Creating collector: l99.driver.fanuc.collectors.SpindleData, fanuc |l99.driver.fanuc.strategies.FanucMultiStrategy|
2025/12/09 15:30:38.078|DEBUG|[STARK_TORNO_02] Creating handler: l99.driver.fanuc.handlers.FanucOne |l99.driver.base.Machine|
2025/12/09 15:30:38.078|DEBUG|Adding machine:
{
  "id": "STARK_CENTRO_01",
  "enabled": true,
  "type": "l99.driver.fanuc.FanucMachine, fanuc",
  "strategy": "l99.driver.fanuc.strategies.FanucMultiStrategy, fanuc",
  "handler": "l99.driver.fanuc.handlers.FanucOne, fanuc",
  "transport": "l99.driver.fanuc.transports.MQTT, fanuc"
} |l99.driver.base.Machines|
2025/12/09 15:30:38.078|DEBUG|[STARK_CENTRO_01] Creating machine, enabled: True |l99.driver.base.Machine|
2025/12/09 15:30:38.078|DEBUG|[STARK_CENTRO_01] Creating veneers holder |l99.driver.base.Veneers|
2025/12/09 15:30:38.078|DEBUG|[STARK_CENTRO_01] Adding 'platform' to property bag. |l99.driver.base.Machine|
2025/12/09 15:30:38.078|DEBUG|[STARK_CENTRO_01] Creating transport: l99.driver.fanuc.transports.MQTT |l99.driver.base.Machine|
2025/12/09 15:30:38.078|INFO|[STARK_CENTRO_01] Connecting broker 'tcp://127.0.0.1:1883/STARK_CENTRO_01': Unspecified/127.0.0.1:1883 |l99.driver.fanuc.transports.MQTT|
2025/12/09 15:30:38.078|INFO|[STARK_CENTRO_01] Connected broker 'tcp://127.0.0.1:1883/STARK_CENTRO_01': Unspecified/127.0.0.1:1883 |l99.driver.fanuc.transports.MQTT|
2025/12/09 15:30:38.078|DEBUG|[STARK_CENTRO_01] Creating strategy: l99.driver.fanuc.strategies.FanucMultiStrategy |l99.driver.base.Machine|
2025/12/09 15:30:38.078|INFO|[STARK_CENTRO_01] Creating collector: l99.driver.fanuc.collectors.MachineInfo, fanuc |l99.driver.fanuc.strategies.FanucMultiStrategy|
2025/12/09 15:30:38.078|INFO|[STARK_CENTRO_01] Creating collector: l99.driver.fanuc.collectors.Alarms, fanuc |l99.driver.fanuc.strategies.FanucMultiStrategy|
2025/12/09 15:30:38.078|INFO|[STARK_CENTRO_01] Creating collector: l99.driver.fanuc.collectors.StateData, fanuc |l99.driver.fanuc.strategies.FanucMultiStrategy|
2025/12/09 15:30:38.078|INFO|[STARK_CENTRO_01] Creating collector: l99.driver.fanuc.collectors.ProductionData, fanuc |l99.driver.fanuc.strategies.FanucMultiStrategy|
2025/12/09 15:30:38.078|INFO|[STARK_CENTRO_01] Creating collector: l99.driver.fanuc.collectors.SpindleData, fanuc |l99.driver.fanuc.strategies.FanucMultiStrategy|
2025/12/09 15:30:38.078|DEBUG|[STARK_CENTRO_01] Creating handler: l99.driver.fanuc.handlers.FanucOne |l99.driver.base.Machine|
2025/12/09 15:30:38.078|INFO|[f_sim_mqtt_long] Machine disabled and will not be added |l99.driver.base.Machines|
2025/12/09 15:30:38.094|INFO|[f_sim_mtc_long] Machine disabled and will not be added |l99.driver.base.Machines|
2025/12/09 15:30:38.094|INFO|[f_sim_spb_long] Machine disabled and will not be added |l99.driver.base.Machines|
2025/12/09 15:30:38.094|INFO|[f_sim_influx_long] Machine disabled and will not be added |l99.driver.base.Machines|
2025/12/09 15:30:38.094|INFO|Machine tasks running |l99.driver.base.Machines|
2025/12/09 15:30:38.094|DEBUG|[STARK_TORNO_PILOTO] Initializing strategy... |l99.driver.base.Machine|
2025/12/09 15:30:38.094|DEBUG|[STARK_CENTRO_01] Initializing strategy... |l99.driver.base.Machine|
2025/12/09 15:30:38.094|DEBUG|[STARK_TORNO_02] Initializing strategy... |l99.driver.base.Machine|
2025/12/09 15:30:38.122|INFO|[STARK_TORNO_PILOTO] Strategy initializing |l99.driver.fanuc.strategies.FanucMultiStrategy|
2025/12/09 15:30:38.122|INFO|[STARK_CENTRO_01] Strategy initializing |l99.driver.fanuc.strategies.FanucMultiStrategy|
2025/12/09 15:30:38.122|INFO|[STARK_TORNO_02] Strategy initializing |l99.driver.fanuc.strategies.FanucMultiStrategy|
2025/12/09 15:30:38.349|DEBUG|[STARK_TORNO_PILOTO] Applying veneer: l99.driver.fanuc.veneers.FocasPerf |l99.driver.base.Machine|
2025/12/09 15:30:38.349|DEBUG|[STARK_TORNO_PILOTO] Applying veneer: l99.driver.fanuc.veneers.Connection |l99.driver.base.Machine|
2025/12/09 15:30:38.349|DEBUG|[STARK_TORNO_PILOTO] Applying veneer: l99.driver.fanuc.veneers.GetPath |l99.driver.base.Machine|
2025/12/09 15:30:38.374|DEBUG|[STARK_TORNO_PILOTO] Applying veneer: l99.driver.fanuc.veneers.RdAxisname |l99.driver.base.Machine|
2025/12/09 15:30:38.377|DEBUG|[STARK_TORNO_PILOTO] Applying veneer: l99.driver.fanuc.veneers.RdSpindlename |l99.driver.base.Machine|
2025/12/09 15:30:38.377|DEBUG|[STARK_TORNO_PILOTO] Applying veneer: l99.driver.fanuc.veneers.SysInfo |l99.driver.base.Machine|
2025/12/09 15:30:38.377|DEBUG|[STARK_TORNO_PILOTO] Applying veneer: l99.driver.fanuc.veneers.AlarmsSeries |l99.driver.base.Machine|
2025/12/09 15:30:38.377|DEBUG|[STARK_TORNO_PILOTO] Applying veneer: l99.driver.fanuc.veneers.StateData |l99.driver.base.Machine|
2025/12/09 15:30:38.377|DEBUG|[STARK_TORNO_PILOTO] Applying veneer: l99.driver.fanuc.veneers.ProductionData |l99.driver.base.Machine|
2025/12/09 15:30:38.552|DEBUG|[STARK_TORNO_PILOTO] Applying veneer: l99.driver.fanuc.veneers.SpindleData |l99.driver.base.Machine|
2025/12/09 15:30:38.677|INFO|[STARK_TORNO_PILOTO] Strategy initialized |l99.driver.fanuc.strategies.FanucMultiStrategy|
2025/12/09 15:30:39.904|INFO|[STARK_TORNO_PILOTO] Strategy started |l99.driver.fanuc.strategies.FanucMultiStrategy|
2025/12/09 15:30:48.280|WARN|[STARK_CENTRO_01] Strategy initialization pending (0 min) |l99.driver.fanuc.strategies.FanucMultiStrategy|
2025/12/09 15:30:48.303|WARN|[STARK_TORNO_02] Strategy initialization pending (0 min) |l99.driver.fanuc.strategies.FanucMultiStrategy|
2025/12/09 15:31:54.649|WARN|[STARK_CENTRO_01] Strategy initialization pending (1 min) |l99.driver.fanuc.strategies.FanucMultiStrategy|
2025/12/09 15:31:54.699|WARN|[STARK_TORNO_02] Strategy initialization pending (1 min) |l99.driver.fanuc.strategies.FanucMultiStrategy|
2025/12/09 15:31:58.895|ERROR|[STARK_TORNO_PILOTO] Connection lost. |l99.driver.fanuc.Platform|
2025/12/09 15:31:58.895|ERROR|[STARK_TORNO_PILOTO] Strategy sweep failed at segment Spindle System.Net.Sockets.SocketException (0xFFFFFFF0): Unknown error (0xfffffff0)
   at l99.driver.fanuc.Platform._nativeDispatch(Func`1 func, Boolean throwOnSocketError) in C:\source\ladder99\fanuc-driver\fanuc\platform\Platform.cs:line 91
   at l99.driver.fanuc.Platform.Acts2(Int16 sp_no) in C:\source\ladder99\fanuc-driver\fanuc\platform\Acts2.cs:line 14
   at l99.driver.fanuc.Platform.Acts2Async(Int16 sp_no) in C:\source\ladder99\fanuc-driver\fanuc\platform\Acts2.cs:line 7
   at CallSite.Target(Closure, CallSite, Object)
   at l99.driver.fanuc.collectors.SpindleData.CollectForEachSpindleAsync(Int16 currentPath, Int16 currentSpindle, String spindleName, Object spindleSplit, Object spindleMarker) in C:\source\ladder99\fanuc-driver\fanuc\collectors\SpindleData.cs:line 44
   at CallSite.Target(Closure, CallSite, Object)
   at l99.driver.fanuc.strategies.FanucMultiStrategy.CollectForEachSpindleAsync(Int16 currentPath, Int16 currentSpindle, String spindleName, Object spindleSplit, Object spindleMarker) in C:\source\ladder99\fanuc-driver\fanuc\strategies\FanucMultiStrategy.cs:line 146
   at CallSite.Target(Closure, CallSite, Object)
   at l99.driver.fanuc.strategies.FanucExtendedStrategy.CollectAsync() in C:\source\ladder99\fanuc-driver\fanuc\strategies\FanucExtendedStrategy.cs:line 613|l99.driver.fanuc.strategies.FanucMultiStrategy|
2025/12/09 15:33:00.941|WARN|[STARK_CENTRO_01] Strategy initialization pending (2 min) |l99.driver.fanuc.strategies.FanucMultiStrategy|
2025/12/09 15:33:01.000|WARN|[STARK_TORNO_02] Strategy initialization pending (2 min) |l99.driver.fanuc.strategies.FanucMultiStrategy|
2025/12/09 15:33:38.488|INFO|[STARK_TORNO_PILOTO] Machine task stopping |l99.driver.base.Machines|
2025/12/09 15:33:38.488|INFO|[STARK_TORNO_PILOTO] Platform stopping |l99.driver.base.Machine|
2025/12/09 15:33:38.488|INFO|[STARK_TORNO_PILOTO] Platform stopped |l99.driver.base.Machine|
2025/12/09 15:33:38.488|INFO|[STARK_TORNO_PILOTO] Machine task stopped |l99.driver.base.Machines|
2025/12/09 15:34:07.247|WARN|[STARK_CENTRO_01] Strategy initialization pending (3 min) |l99.driver.fanuc.strategies.FanucMultiStrategy|
2025/12/09 15:34:07.306|WARN|[STARK_TORNO_02] Strategy initialization pending (3 min) |l99.driver.fanuc.strategies.FanucMultiStrategy|
2025/12/09 15:34:46.122|DEBUG|Adding machine:
{
  "id": "STARK_TORNO_PILOTO",
  "enabled": true,
  "type": "l99.driver.fanuc.FanucMachine, fanuc",
  "strategy": "l99.driver.fanuc.strategies.FanucMultiStrategy, fanuc",
  "handler": "l99.driver.fanuc.handlers.FanucOne, fanuc",
  "transport": "l99.driver.fanuc.transports.MQTT, fanuc"
} |l99.driver.base.Machines|
2025/12/09 15:34:46.223|DEBUG|[STARK_TORNO_PILOTO] Creating machine, enabled: True |l99.driver.base.Machine|
2025/12/09 15:34:46.223|DEBUG|[STARK_TORNO_PILOTO] Creating veneers holder |l99.driver.base.Veneers|
2025/12/09 15:34:46.241|DEBUG|[STARK_TORNO_PILOTO] Adding 'platform' to property bag. |l99.driver.base.Machine|
2025/12/09 15:34:46.265|DEBUG|[STARK_TORNO_PILOTO] Creating transport: l99.driver.fanuc.transports.MQTT |l99.driver.base.Machine|
2025/12/09 15:34:46.416|INFO|[STARK_TORNO_PILOTO] Connecting broker 'tcp://127.0.0.1:1883/STARK_TORNO_PILOTO': Unspecified/127.0.0.1:1883 |l99.driver.fanuc.transports.MQTT|
2025/12/09 15:34:46.490|INFO|[STARK_TORNO_PILOTO] Connected broker 'tcp://127.0.0.1:1883/STARK_TORNO_PILOTO': Unspecified/127.0.0.1:1883 |l99.driver.fanuc.transports.MQTT|
2025/12/09 15:34:46.490|DEBUG|[STARK_TORNO_PILOTO] Creating strategy: l99.driver.fanuc.strategies.FanucMultiStrategy |l99.driver.base.Machine|
2025/12/09 15:34:46.538|INFO|[STARK_TORNO_PILOTO] Creating collector: l99.driver.fanuc.collectors.MachineInfo, fanuc |l99.driver.fanuc.strategies.FanucMultiStrategy|
2025/12/09 15:34:46.552|INFO|[STARK_TORNO_PILOTO] Creating collector: l99.driver.fanuc.collectors.Alarms, fanuc |l99.driver.fanuc.strategies.FanucMultiStrategy|
2025/12/09 15:34:46.552|INFO|[STARK_TORNO_PILOTO] Creating collector: l99.driver.fanuc.collectors.StateData, fanuc |l99.driver.fanuc.strategies.FanucMultiStrategy|
2025/12/09 15:34:46.552|INFO|[STARK_TORNO_PILOTO] Creating collector: l99.driver.fanuc.collectors.ProductionData, fanuc |l99.driver.fanuc.strategies.FanucMultiStrategy|
2025/12/09 15:34:46.564|INFO|[STARK_TORNO_PILOTO] Creating collector: l99.driver.fanuc.collectors.SpindleData, fanuc |l99.driver.fanuc.strategies.FanucMultiStrategy|
2025/12/09 15:34:46.564|DEBUG|[STARK_TORNO_PILOTO] Creating handler: l99.driver.fanuc.handlers.FanucOne |l99.driver.base.Machine|
2025/12/09 15:34:46.564|DEBUG|Adding machine:
{
  "id": "STARK_TORNO_02",
  "enabled": true,
  "type": "l99.driver.fanuc.FanucMachine, fanuc",
  "strategy": "l99.driver.fanuc.strategies.FanucMultiStrategy, fanuc",
  "handler": "l99.driver.fanuc.handlers.FanucOne, fanuc",
  "transport": "l99.driver.fanuc.transports.MQTT, fanuc"
} |l99.driver.base.Machines|
2025/12/09 15:34:46.564|DEBUG|[STARK_TORNO_02] Creating machine, enabled: True |l99.driver.base.Machine|
2025/12/09 15:34:46.564|DEBUG|[STARK_TORNO_02] Creating veneers holder |l99.driver.base.Veneers|
2025/12/09 15:34:46.564|DEBUG|[STARK_TORNO_02] Adding 'platform' to property bag. |l99.driver.base.Machine|
2025/12/09 15:34:46.578|DEBUG|[STARK_TORNO_02] Creating transport: l99.driver.fanuc.transports.MQTT |l99.driver.base.Machine|
2025/12/09 15:34:46.578|INFO|[STARK_TORNO_02] Connecting broker 'tcp://127.0.0.1:1883/STARK_TORNO_02': Unspecified/127.0.0.1:1883 |l99.driver.fanuc.transports.MQTT|
2025/12/09 15:34:46.578|INFO|[STARK_TORNO_02] Connected broker 'tcp://127.0.0.1:1883/STARK_TORNO_02': Unspecified/127.0.0.1:1883 |l99.driver.fanuc.transports.MQTT|
2025/12/09 15:34:46.578|DEBUG|[STARK_TORNO_02] Creating strategy: l99.driver.fanuc.strategies.FanucMultiStrategy |l99.driver.base.Machine|
2025/12/09 15:34:46.578|INFO|[STARK_TORNO_02] Creating collector: l99.driver.fanuc.collectors.MachineInfo, fanuc |l99.driver.fanuc.strategies.FanucMultiStrategy|
2025/12/09 15:34:46.578|INFO|[STARK_TORNO_02] Creating collector: l99.driver.fanuc.collectors.Alarms, fanuc |l99.driver.fanuc.strategies.FanucMultiStrategy|
2025/12/09 15:34:46.578|INFO|[STARK_TORNO_02] Creating collector: l99.driver.fanuc.collectors.StateData, fanuc |l99.driver.fanuc.strategies.FanucMultiStrategy|
2025/12/09 15:34:46.578|INFO|[STARK_TORNO_02] Creating collector: l99.driver.fanuc.collectors.ProductionData, fanuc |l99.driver.fanuc.strategies.FanucMultiStrategy|
2025/12/09 15:34:46.578|INFO|[STARK_TORNO_02] Creating collector: l99.driver.fanuc.collectors.SpindleData, fanuc |l99.driver.fanuc.strategies.FanucMultiStrategy|
2025/12/09 15:34:46.578|DEBUG|[STARK_TORNO_02] Creating handler: l99.driver.fanuc.handlers.FanucOne |l99.driver.base.Machine|
2025/12/09 15:34:46.578|DEBUG|Adding machine:
{
  "id": "STARK_CENTRO_01",
  "enabled": true,
  "type": "l99.driver.fanuc.FanucMachine, fanuc",
  "strategy": "l99.driver.fanuc.strategies.FanucMultiStrategy, fanuc",
  "handler": "l99.driver.fanuc.handlers.FanucOne, fanuc",
  "transport": "l99.driver.fanuc.transports.MQTT, fanuc"
} |l99.driver.base.Machines|
2025/12/09 15:34:46.578|DEBUG|[STARK_CENTRO_01] Creating machine, enabled: True |l99.driver.base.Machine|
2025/12/09 15:34:46.578|DEBUG|[STARK_CENTRO_01] Creating veneers holder |l99.driver.base.Veneers|
2025/12/09 15:34:46.578|DEBUG|[STARK_CENTRO_01] Adding 'platform' to property bag. |l99.driver.base.Machine|
2025/12/09 15:34:46.578|DEBUG|[STARK_CENTRO_01] Creating transport: l99.driver.fanuc.transports.MQTT |l99.driver.base.Machine|
2025/12/09 15:34:46.578|INFO|[STARK_CENTRO_01] Connecting broker 'tcp://127.0.0.1:1883/STARK_CENTRO_01': Unspecified/127.0.0.1:1883 |l99.driver.fanuc.transports.MQTT|
2025/12/09 15:34:46.595|INFO|[STARK_CENTRO_01] Connected broker 'tcp://127.0.0.1:1883/STARK_CENTRO_01': Unspecified/127.0.0.1:1883 |l99.driver.fanuc.transports.MQTT|
2025/12/09 15:34:46.595|DEBUG|[STARK_CENTRO_01] Creating strategy: l99.driver.fanuc.strategies.FanucMultiStrategy |l99.driver.base.Machine|
2025/12/09 15:34:46.595|INFO|[STARK_CENTRO_01] Creating collector: l99.driver.fanuc.collectors.MachineInfo, fanuc |l99.driver.fanuc.strategies.FanucMultiStrategy|
2025/12/09 15:34:46.595|INFO|[STARK_CENTRO_01] Creating collector: l99.driver.fanuc.collectors.Alarms, fanuc |l99.driver.fanuc.strategies.FanucMultiStrategy|
2025/12/09 15:34:46.595|INFO|[STARK_CENTRO_01] Creating collector: l99.driver.fanuc.collectors.StateData, fanuc |l99.driver.fanuc.strategies.FanucMultiStrategy|
2025/12/09 15:34:46.595|INFO|[STARK_CENTRO_01] Creating collector: l99.driver.fanuc.collectors.ProductionData, fanuc |l99.driver.fanuc.strategies.FanucMultiStrategy|
2025/12/09 15:34:46.595|INFO|[STARK_CENTRO_01] Creating collector: l99.driver.fanuc.collectors.SpindleData, fanuc |l99.driver.fanuc.strategies.FanucMultiStrategy|
2025/12/09 15:34:46.595|DEBUG|[STARK_CENTRO_01] Creating handler: l99.driver.fanuc.handlers.FanucOne |l99.driver.base.Machine|
2025/12/09 15:34:46.595|INFO|[f_sim_mqtt_long] Machine disabled and will not be added |l99.driver.base.Machines|
2025/12/09 15:34:46.595|INFO|[f_sim_mtc_long] Machine disabled and will not be added |l99.driver.base.Machines|
2025/12/09 15:34:46.595|INFO|[f_sim_spb_long] Machine disabled and will not be added |l99.driver.base.Machines|
2025/12/09 15:34:46.595|INFO|[f_sim_influx_long] Machine disabled and will not be added |l99.driver.base.Machines|
2025/12/09 15:34:46.595|INFO|Machine tasks running |l99.driver.base.Machines|
2025/12/09 15:34:46.595|DEBUG|[STARK_TORNO_PILOTO] Initializing strategy... |l99.driver.base.Machine|
2025/12/09 15:34:46.595|DEBUG|[STARK_TORNO_02] Initializing strategy... |l99.driver.base.Machine|
2025/12/09 15:34:46.595|DEBUG|[STARK_CENTRO_01] Initializing strategy... |l99.driver.base.Machine|
2025/12/09 15:34:46.625|INFO|[STARK_TORNO_PILOTO] Strategy initializing |l99.driver.fanuc.strategies.FanucMultiStrategy|
2025/12/09 15:34:46.625|INFO|[STARK_TORNO_02] Strategy initializing |l99.driver.fanuc.strategies.FanucMultiStrategy|
2025/12/09 15:34:46.625|INFO|[STARK_CENTRO_01] Strategy initializing |l99.driver.fanuc.strategies.FanucMultiStrategy|
2025/12/09 15:34:46.835|DEBUG|[STARK_TORNO_PILOTO] Applying veneer: l99.driver.fanuc.veneers.FocasPerf |l99.driver.base.Machine|
2025/12/09 15:34:46.835|DEBUG|[STARK_TORNO_PILOTO] Applying veneer: l99.driver.fanuc.veneers.Connection |l99.driver.base.Machine|
2025/12/09 15:34:46.835|DEBUG|[STARK_TORNO_PILOTO] Applying veneer: l99.driver.fanuc.veneers.GetPath |l99.driver.base.Machine|
2025/12/09 15:34:46.860|DEBUG|[STARK_TORNO_PILOTO] Applying veneer: l99.driver.fanuc.veneers.RdAxisname |l99.driver.base.Machine|
2025/12/09 15:34:46.860|DEBUG|[STARK_TORNO_PILOTO] Applying veneer: l99.driver.fanuc.veneers.RdSpindlename |l99.driver.base.Machine|
2025/12/09 15:34:46.860|DEBUG|[STARK_TORNO_PILOTO] Applying veneer: l99.driver.fanuc.veneers.SysInfo |l99.driver.base.Machine|
2025/12/09 15:34:46.860|DEBUG|[STARK_TORNO_PILOTO] Applying veneer: l99.driver.fanuc.veneers.AlarmsSeries |l99.driver.base.Machine|
2025/12/09 15:34:46.876|DEBUG|[STARK_TORNO_PILOTO] Applying veneer: l99.driver.fanuc.veneers.StateData |l99.driver.base.Machine|
2025/12/09 15:34:46.876|DEBUG|[STARK_TORNO_PILOTO] Applying veneer: l99.driver.fanuc.veneers.ProductionData |l99.driver.base.Machine|
2025/12/09 15:34:47.020|DEBUG|[STARK_TORNO_PILOTO] Applying veneer: l99.driver.fanuc.veneers.SpindleData |l99.driver.base.Machine|
2025/12/09 15:34:47.150|INFO|[STARK_TORNO_PILOTO] Strategy initialized |l99.driver.fanuc.strategies.FanucMultiStrategy|
2025/12/09 15:34:48.369|INFO|[STARK_TORNO_PILOTO] Strategy started |l99.driver.fanuc.strategies.FanucMultiStrategy|
2025/12/09 15:34:56.734|WARN|[STARK_CENTRO_01] Strategy initialization pending (0 min) |l99.driver.fanuc.strategies.FanucMultiStrategy|
2025/12/09 15:34:56.770|WARN|[STARK_TORNO_02] Strategy initialization pending (0 min) |l99.driver.fanuc.strategies.FanucMultiStrategy|
2025/12/09 15:35:38.191|ERROR|[STARK_TORNO_PILOTO] Connection lost. |l99.driver.fanuc.Platform|
2025/12/09 15:35:38.191|ERROR|[STARK_TORNO_PILOTO] Strategy sweep failed at segment Root System.Net.Sockets.SocketException (0xFFFFFFF0): Unknown error (0xfffffff0)
   at l99.driver.fanuc.Platform.RdParam(Int16 number, Int16 axis, Int16 length, Int32 IODBPSD_type) in C:\source\ladder99\fanuc-driver\fanuc\platform\RdParam.cs:line 52
   at l99.driver.fanuc.Platform.RdParamDoubleWordNoAxisAsync(Int16 number) in C:\source\ladder99\fanuc-driver\fanuc\platform\RdParam.cs:line 17
   at CallSite.Target(Closure, CallSite, Object)
   at l99.driver.fanuc.collectors.StateData.CollectRootAsync() in C:\source\ladder99\fanuc-driver\fanuc\collectors\StateData.cs:line 20
   at l99.driver.fanuc.strategies.FanucMultiStrategy.CollectRootAsync() in C:\source\ladder99\fanuc-driver\fanuc\strategies\FanucMultiStrategy.cs:line 97
   at l99.driver.fanuc.strategies.FanucExtendedStrategy.CollectAsync() in C:\source\ladder99\fanuc-driver\fanuc\strategies\FanucExtendedStrategy.cs:line 517|l99.driver.fanuc.strategies.FanucMultiStrategy|
2025/12/09 15:36:03.069|WARN|[STARK_CENTRO_01] Strategy initialization pending (1 min) |l99.driver.fanuc.strategies.FanucMultiStrategy|
2025/12/09 15:36:03.109|WARN|[STARK_TORNO_02] Strategy initialization pending (1 min) |l99.driver.fanuc.strategies.FanucMultiStrategy|
2025/12/09 15:36:41.561|DEBUG|Adding machine:
{
  "id": "STARK_TORNO_PILOTO",
  "enabled": true,
  "type": "l99.driver.fanuc.FanucMachine, fanuc",
  "strategy": "l99.driver.fanuc.strategies.FanucMultiStrategy, fanuc",
  "handler": "l99.driver.fanuc.handlers.FanucOne, fanuc",
  "transport": "l99.driver.fanuc.transports.MQTT, fanuc"
} |l99.driver.base.Machines|
2025/12/09 15:36:41.650|DEBUG|[STARK_TORNO_PILOTO] Creating machine, enabled: True |l99.driver.base.Machine|
2025/12/09 15:36:41.650|DEBUG|[STARK_TORNO_PILOTO] Creating veneers holder |l99.driver.base.Veneers|
2025/12/09 15:36:41.663|DEBUG|[STARK_TORNO_PILOTO] Adding 'platform' to property bag. |l99.driver.base.Machine|
2025/12/09 15:36:41.684|DEBUG|[STARK_TORNO_PILOTO] Creating transport: l99.driver.fanuc.transports.MQTT |l99.driver.base.Machine|
2025/12/09 15:36:41.811|INFO|[STARK_TORNO_PILOTO] Connecting broker 'tcp://127.0.0.1:1883/STARK_TORNO_PILOTO': Unspecified/127.0.0.1:1883 |l99.driver.fanuc.transports.MQTT|
2025/12/09 15:36:41.886|INFO|[STARK_TORNO_PILOTO] Connected broker 'tcp://127.0.0.1:1883/STARK_TORNO_PILOTO': Unspecified/127.0.0.1:1883 |l99.driver.fanuc.transports.MQTT|
2025/12/09 15:36:41.886|DEBUG|[STARK_TORNO_PILOTO] Creating strategy: l99.driver.fanuc.strategies.FanucMultiStrategy |l99.driver.base.Machine|
2025/12/09 15:36:41.929|INFO|[STARK_TORNO_PILOTO] Creating collector: l99.driver.fanuc.collectors.MachineInfo, fanuc |l99.driver.fanuc.strategies.FanucMultiStrategy|
2025/12/09 15:36:41.944|INFO|[STARK_TORNO_PILOTO] Creating collector: l99.driver.fanuc.collectors.Alarms, fanuc |l99.driver.fanuc.strategies.FanucMultiStrategy|
2025/12/09 15:36:41.944|INFO|[STARK_TORNO_PILOTO] Creating collector: l99.driver.fanuc.collectors.StateData, fanuc |l99.driver.fanuc.strategies.FanucMultiStrategy|
2025/12/09 15:36:41.944|INFO|[STARK_TORNO_PILOTO] Creating collector: l99.driver.fanuc.collectors.ProductionData, fanuc |l99.driver.fanuc.strategies.FanucMultiStrategy|
2025/12/09 15:36:41.954|INFO|[STARK_TORNO_PILOTO] Creating collector: l99.driver.fanuc.collectors.SpindleData, fanuc |l99.driver.fanuc.strategies.FanucMultiStrategy|
2025/12/09 15:36:41.954|DEBUG|[STARK_TORNO_PILOTO] Creating handler: l99.driver.fanuc.handlers.FanucOne |l99.driver.base.Machine|
2025/12/09 15:36:41.954|DEBUG|Adding machine:
{
  "id": "STARK_TORNO_02",
  "enabled": true,
  "type": "l99.driver.fanuc.FanucMachine, fanuc",
  "strategy": "l99.driver.fanuc.strategies.FanucMultiStrategy, fanuc",
  "handler": "l99.driver.fanuc.handlers.FanucOne, fanuc",
  "transport": "l99.driver.fanuc.transports.MQTT, fanuc"
} |l99.driver.base.Machines|
2025/12/09 15:36:41.954|DEBUG|[STARK_TORNO_02] Creating machine, enabled: True |l99.driver.base.Machine|
2025/12/09 15:36:41.954|DEBUG|[STARK_TORNO_02] Creating veneers holder |l99.driver.base.Veneers|
2025/12/09 15:36:41.954|DEBUG|[STARK_TORNO_02] Adding 'platform' to property bag. |l99.driver.base.Machine|
2025/12/09 15:36:41.954|DEBUG|[STARK_TORNO_02] Creating transport: l99.driver.fanuc.transports.MQTT |l99.driver.base.Machine|
2025/12/09 15:36:41.954|INFO|[STARK_TORNO_02] Connecting broker 'tcp://127.0.0.1:1883/STARK_TORNO_02': Unspecified/127.0.0.1:1883 |l99.driver.fanuc.transports.MQTT|
2025/12/09 15:36:41.973|INFO|[STARK_TORNO_02] Connected broker 'tcp://127.0.0.1:1883/STARK_TORNO_02': Unspecified/127.0.0.1:1883 |l99.driver.fanuc.transports.MQTT|
2025/12/09 15:36:41.973|DEBUG|[STARK_TORNO_02] Creating strategy: l99.driver.fanuc.strategies.FanucMultiStrategy |l99.driver.base.Machine|
2025/12/09 15:36:41.973|INFO|[STARK_TORNO_02] Creating collector: l99.driver.fanuc.collectors.MachineInfo, fanuc |l99.driver.fanuc.strategies.FanucMultiStrategy|
2025/12/09 15:36:41.973|INFO|[STARK_TORNO_02] Creating collector: l99.driver.fanuc.collectors.Alarms, fanuc |l99.driver.fanuc.strategies.FanucMultiStrategy|
2025/12/09 15:36:41.973|INFO|[STARK_TORNO_02] Creating collector: l99.driver.fanuc.collectors.StateData, fanuc |l99.driver.fanuc.strategies.FanucMultiStrategy|
2025/12/09 15:36:41.973|INFO|[STARK_TORNO_02] Creating collector: l99.driver.fanuc.collectors.ProductionData, fanuc |l99.driver.fanuc.strategies.FanucMultiStrategy|
2025/12/09 15:36:41.973|INFO|[STARK_TORNO_02] Creating collector: l99.driver.fanuc.collectors.SpindleData, fanuc |l99.driver.fanuc.strategies.FanucMultiStrategy|
2025/12/09 15:36:41.973|DEBUG|[STARK_TORNO_02] Creating handler: l99.driver.fanuc.handlers.FanucOne |l99.driver.base.Machine|
2025/12/09 15:36:41.973|DEBUG|Adding machine:
{
  "id": "STARK_CENTRO_01",
  "enabled": true,
  "type": "l99.driver.fanuc.FanucMachine, fanuc",
  "strategy": "l99.driver.fanuc.strategies.FanucMultiStrategy, fanuc",
  "handler": "l99.driver.fanuc.handlers.FanucOne, fanuc",
  "transport": "l99.driver.fanuc.transports.MQTT, fanuc"
} |l99.driver.base.Machines|
2025/12/09 15:36:41.973|DEBUG|[STARK_CENTRO_01] Creating machine, enabled: True |l99.driver.base.Machine|
2025/12/09 15:36:41.973|DEBUG|[STARK_CENTRO_01] Creating veneers holder |l99.driver.base.Veneers|
2025/12/09 15:36:41.973|DEBUG|[STARK_CENTRO_01] Adding 'platform' to property bag. |l99.driver.base.Machine|
2025/12/09 15:36:41.973|DEBUG|[STARK_CENTRO_01] Creating transport: l99.driver.fanuc.transports.MQTT |l99.driver.base.Machine|
2025/12/09 15:36:41.973|INFO|[STARK_CENTRO_01] Connecting broker 'tcp://127.0.0.1:1883/STARK_CENTRO_01': Unspecified/127.0.0.1:1883 |l99.driver.fanuc.transports.MQTT|
2025/12/09 15:36:41.973|INFO|[STARK_CENTRO_01] Connected broker 'tcp://127.0.0.1:1883/STARK_CENTRO_01': Unspecified/127.0.0.1:1883 |l99.driver.fanuc.transports.MQTT|
2025/12/09 15:36:41.973|DEBUG|[STARK_CENTRO_01] Creating strategy: l99.driver.fanuc.strategies.FanucMultiStrategy |l99.driver.base.Machine|
2025/12/09 15:36:41.973|INFO|[STARK_CENTRO_01] Creating collector: l99.driver.fanuc.collectors.MachineInfo, fanuc |l99.driver.fanuc.strategies.FanucMultiStrategy|
2025/12/09 15:36:41.973|INFO|[STARK_CENTRO_01] Creating collector: l99.driver.fanuc.collectors.Alarms, fanuc |l99.driver.fanuc.strategies.FanucMultiStrategy|
2025/12/09 15:36:41.973|INFO|[STARK_CENTRO_01] Creating collector: l99.driver.fanuc.collectors.StateData, fanuc |l99.driver.fanuc.strategies.FanucMultiStrategy|
2025/12/09 15:36:41.973|INFO|[STARK_CENTRO_01] Creating collector: l99.driver.fanuc.collectors.ProductionData, fanuc |l99.driver.fanuc.strategies.FanucMultiStrategy|
2025/12/09 15:36:41.973|INFO|[STARK_CENTRO_01] Creating collector: l99.driver.fanuc.collectors.SpindleData, fanuc |l99.driver.fanuc.strategies.FanucMultiStrategy|
2025/12/09 15:36:41.973|DEBUG|[STARK_CENTRO_01] Creating handler: l99.driver.fanuc.handlers.FanucOne |l99.driver.base.Machine|
2025/12/09 15:36:41.984|INFO|[f_sim_mqtt_long] Machine disabled and will not be added |l99.driver.base.Machines|
2025/12/09 15:36:41.984|INFO|[f_sim_mtc_long] Machine disabled and will not be added |l99.driver.base.Machines|
2025/12/09 15:36:41.984|INFO|[f_sim_spb_long] Machine disabled and will not be added |l99.driver.base.Machines|
2025/12/09 15:36:41.984|INFO|[f_sim_influx_long] Machine disabled and will not be added |l99.driver.base.Machines|
2025/12/09 15:36:41.984|INFO|Machine tasks running |l99.driver.base.Machines|
2025/12/09 15:36:41.984|DEBUG|[STARK_TORNO_02] Initializing strategy... |l99.driver.base.Machine|
2025/12/09 15:36:41.984|DEBUG|[STARK_CENTRO_01] Initializing strategy... |l99.driver.base.Machine|
2025/12/09 15:36:41.984|DEBUG|[STARK_TORNO_PILOTO] Initializing strategy... |l99.driver.base.Machine|
2025/12/09 15:36:42.013|INFO|[STARK_TORNO_02] Strategy initializing |l99.driver.fanuc.strategies.FanucMultiStrategy|
2025/12/09 15:36:42.013|INFO|[STARK_TORNO_PILOTO] Strategy initializing |l99.driver.fanuc.strategies.FanucMultiStrategy|
2025/12/09 15:36:42.013|INFO|[STARK_CENTRO_01] Strategy initializing |l99.driver.fanuc.strategies.FanucMultiStrategy|
2025/12/09 15:36:42.206|DEBUG|[STARK_TORNO_PILOTO] Applying veneer: l99.driver.fanuc.veneers.FocasPerf |l99.driver.base.Machine|
2025/12/09 15:36:42.206|DEBUG|[STARK_TORNO_PILOTO] Applying veneer: l99.driver.fanuc.veneers.Connection |l99.driver.base.Machine|
2025/12/09 15:36:42.206|DEBUG|[STARK_TORNO_PILOTO] Applying veneer: l99.driver.fanuc.veneers.GetPath |l99.driver.base.Machine|
2025/12/09 15:36:42.233|DEBUG|[STARK_TORNO_PILOTO] Applying veneer: l99.driver.fanuc.veneers.RdAxisname |l99.driver.base.Machine|
2025/12/09 15:36:42.236|DEBUG|[STARK_TORNO_PILOTO] Applying veneer: l99.driver.fanuc.veneers.RdSpindlename |l99.driver.base.Machine|
2025/12/09 15:36:42.236|DEBUG|[STARK_TORNO_PILOTO] Applying veneer: l99.driver.fanuc.veneers.SysInfo |l99.driver.base.Machine|
2025/12/09 15:36:42.236|DEBUG|[STARK_TORNO_PILOTO] Applying veneer: l99.driver.fanuc.veneers.AlarmsSeries |l99.driver.base.Machine|
2025/12/09 15:36:42.236|DEBUG|[STARK_TORNO_PILOTO] Applying veneer: l99.driver.fanuc.veneers.StateData |l99.driver.base.Machine|
2025/12/09 15:36:42.236|DEBUG|[STARK_TORNO_PILOTO] Applying veneer: l99.driver.fanuc.veneers.ProductionData |l99.driver.base.Machine|
2025/12/09 15:36:42.390|DEBUG|[STARK_TORNO_PILOTO] Applying veneer: l99.driver.fanuc.veneers.SpindleData |l99.driver.base.Machine|
2025/12/09 15:36:42.526|INFO|[STARK_TORNO_PILOTO] Strategy initialized |l99.driver.fanuc.strategies.FanucMultiStrategy|
2025/12/09 15:36:43.758|INFO|[STARK_TORNO_PILOTO] Strategy started |l99.driver.fanuc.strategies.FanucMultiStrategy|
2025/12/09 15:36:52.159|WARN|[STARK_CENTRO_01] Strategy initialization pending (0 min) |l99.driver.fanuc.strategies.FanucMultiStrategy|
2025/12/09 15:36:52.200|WARN|[STARK_TORNO_02] Strategy initialization pending (0 min) |l99.driver.fanuc.strategies.FanucMultiStrategy|
2025/12/09 15:37:11.411|ERROR|[STARK_TORNO_PILOTO] Connection lost. |l99.driver.fanuc.Platform|
2025/12/09 15:37:11.411|ERROR|[STARK_TORNO_PILOTO] Strategy sweep failed at segment Root System.Net.Sockets.SocketException (0xFFFFFFF0): Unknown error (0xfffffff0)
   at l99.driver.fanuc.Platform.RdParam(Int16 number, Int16 axis, Int16 length, Int32 IODBPSD_type) in C:\source\ladder99\fanuc-driver\fanuc\platform\RdParam.cs:line 52
   at l99.driver.fanuc.Platform.RdParamDoubleWordNoAxisAsync(Int16 number) in C:\source\ladder99\fanuc-driver\fanuc\platform\RdParam.cs:line 17
   at CallSite.Target(Closure, CallSite, Object)
   at l99.driver.fanuc.collectors.StateData.CollectRootAsync() in C:\source\ladder99\fanuc-driver\fanuc\collectors\StateData.cs:line 20
   at l99.driver.fanuc.strategies.FanucMultiStrategy.CollectRootAsync() in C:\source\ladder99\fanuc-driver\fanuc\strategies\FanucMultiStrategy.cs:line 97
   at l99.driver.fanuc.strategies.FanucExtendedStrategy.CollectAsync() in C:\source\ladder99\fanuc-driver\fanuc\strategies\FanucExtendedStrategy.cs:line 517|l99.driver.fanuc.strategies.FanucMultiStrategy|
2025/12/09 15:37:58.466|WARN|[STARK_CENTRO_01] Strategy initialization pending (1 min) |l99.driver.fanuc.strategies.FanucMultiStrategy|
2025/12/09 15:37:58.509|WARN|[STARK_TORNO_02] Strategy initialization pending (1 min) |l99.driver.fanuc.strategies.FanucMultiStrategy|
2025/12/09 15:39:04.762|WARN|[STARK_CENTRO_01] Strategy initialization pending (2 min) |l99.driver.fanuc.strategies.FanucMultiStrategy|
2025/12/09 15:39:04.808|WARN|[STARK_TORNO_02] Strategy initialization pending (2 min) |l99.driver.fanuc.strategies.FanucMultiStrategy|
2025/12/09 15:40:11.098|WARN|[STARK_CENTRO_01] Strategy initialization pending (3 min) |l99.driver.fanuc.strategies.FanucMultiStrategy|
2025/12/09 15:40:11.173|WARN|[STARK_TORNO_02] Strategy initialization pending (3 min) |l99.driver.fanuc.strategies.FanucMultiStrategy|
2025/12/09 15:41:17.429|WARN|[STARK_CENTRO_01] Strategy initialization pending (4 min) |l99.driver.fanuc.strategies.FanucMultiStrategy|
2025/12/09 15:41:17.472|WARN|[STARK_TORNO_02] Strategy initialization pending (4 min) |l99.driver.fanuc.strategies.FanucMultiStrategy|
2025/12/09 15:41:59.872|INFO|[STARK_TORNO_PILOTO] Strategy recovered |l99.driver.fanuc.strategies.FanucMultiStrategy|
2025/12/09 15:43:36.727|DEBUG|Adding machine:
{
  "id": "STARK_TORNO_PILOTO",
  "enabled": true,
  "type": "l99.driver.fanuc.FanucMachine, fanuc",
  "strategy": "l99.driver.fanuc.strategies.FanucMultiStrategy, fanuc",
  "handler": "l99.driver.fanuc.handlers.FanucOne, fanuc",
  "transport": "l99.driver.fanuc.transports.MQTT, fanuc"
} |l99.driver.base.Machines|
2025/12/09 15:43:36.815|DEBUG|[STARK_TORNO_PILOTO] Creating machine, enabled: True |l99.driver.base.Machine|
2025/12/09 15:43:36.815|DEBUG|[STARK_TORNO_PILOTO] Creating veneers holder |l99.driver.base.Veneers|
2025/12/09 15:43:36.831|DEBUG|[STARK_TORNO_PILOTO] Adding 'platform' to property bag. |l99.driver.base.Machine|
2025/12/09 15:43:36.853|DEBUG|[STARK_TORNO_PILOTO] Creating transport: l99.driver.fanuc.transports.MQTT |l99.driver.base.Machine|
2025/12/09 15:43:36.977|INFO|[STARK_TORNO_PILOTO] Connecting broker 'tcp://127.0.0.1:1883/STARK_TORNO_PILOTO': Unspecified/127.0.0.1:1883 |l99.driver.fanuc.transports.MQTT|
2025/12/09 15:43:37.055|INFO|[STARK_TORNO_PILOTO] Connected broker 'tcp://127.0.0.1:1883/STARK_TORNO_PILOTO': Unspecified/127.0.0.1:1883 |l99.driver.fanuc.transports.MQTT|
2025/12/09 15:43:37.055|DEBUG|[STARK_TORNO_PILOTO] Creating strategy: l99.driver.fanuc.strategies.FanucMultiStrategy |l99.driver.base.Machine|
2025/12/09 15:43:37.103|INFO|[STARK_TORNO_PILOTO] Creating collector: l99.driver.fanuc.collectors.MachineInfo, fanuc |l99.driver.fanuc.strategies.FanucMultiStrategy|
2025/12/09 15:43:37.118|INFO|[STARK_TORNO_PILOTO] Creating collector: l99.driver.fanuc.collectors.Alarms, fanuc |l99.driver.fanuc.strategies.FanucMultiStrategy|
2025/12/09 15:43:37.125|INFO|[STARK_TORNO_PILOTO] Creating collector: l99.driver.fanuc.collectors.StateData, fanuc |l99.driver.fanuc.strategies.FanucMultiStrategy|
2025/12/09 15:43:37.125|INFO|[STARK_TORNO_PILOTO] Creating collector: l99.driver.fanuc.collectors.ProductionData, fanuc |l99.driver.fanuc.strategies.FanucMultiStrategy|
2025/12/09 15:43:37.125|INFO|[STARK_TORNO_PILOTO] Creating collector: l99.driver.fanuc.collectors.SpindleData, fanuc |l99.driver.fanuc.strategies.FanucMultiStrategy|
2025/12/09 15:43:37.125|DEBUG|[STARK_TORNO_PILOTO] Creating handler: l99.driver.fanuc.handlers.FanucOne |l99.driver.base.Machine|
2025/12/09 15:43:37.141|DEBUG|Adding machine:
{
  "id": "STARK_TORNO_02",
  "enabled": true,
  "type": "l99.driver.fanuc.FanucMachine, fanuc",
  "strategy": "l99.driver.fanuc.strategies.FanucMultiStrategy, fanuc",
  "handler": "l99.driver.fanuc.handlers.FanucOne, fanuc",
  "transport": "l99.driver.fanuc.transports.MQTT, fanuc"
} |l99.driver.base.Machines|
2025/12/09 15:43:37.141|DEBUG|[STARK_TORNO_02] Creating machine, enabled: True |l99.driver.base.Machine|
2025/12/09 15:43:37.141|DEBUG|[STARK_TORNO_02] Creating veneers holder |l99.driver.base.Veneers|
2025/12/09 15:43:37.141|DEBUG|[STARK_TORNO_02] Adding 'platform' to property bag. |l99.driver.base.Machine|
2025/12/09 15:43:37.141|DEBUG|[STARK_TORNO_02] Creating transport: l99.driver.fanuc.transports.MQTT |l99.driver.base.Machine|
2025/12/09 15:43:37.141|INFO|[STARK_TORNO_02] Connecting broker 'tcp://127.0.0.1:1883/STARK_TORNO_02': Unspecified/127.0.0.1:1883 |l99.driver.fanuc.transports.MQTT|
2025/12/09 15:43:37.141|INFO|[STARK_TORNO_02] Connected broker 'tcp://127.0.0.1:1883/STARK_TORNO_02': Unspecified/127.0.0.1:1883 |l99.driver.fanuc.transports.MQTT|
2025/12/09 15:43:37.141|DEBUG|[STARK_TORNO_02] Creating strategy: l99.driver.fanuc.strategies.FanucMultiStrategy |l99.driver.base.Machine|
2025/12/09 15:43:37.141|INFO|[STARK_TORNO_02] Creating collector: l99.driver.fanuc.collectors.MachineInfo, fanuc |l99.driver.fanuc.strategies.FanucMultiStrategy|
2025/12/09 15:43:37.141|INFO|[STARK_TORNO_02] Creating collector: l99.driver.fanuc.collectors.Alarms, fanuc |l99.driver.fanuc.strategies.FanucMultiStrategy|
2025/12/09 15:43:37.141|INFO|[STARK_TORNO_02] Creating collector: l99.driver.fanuc.collectors.StateData, fanuc |l99.driver.fanuc.strategies.FanucMultiStrategy|
2025/12/09 15:43:37.141|INFO|[STARK_TORNO_02] Creating collector: l99.driver.fanuc.collectors.ProductionData, fanuc |l99.driver.fanuc.strategies.FanucMultiStrategy|
2025/12/09 15:43:37.141|INFO|[STARK_TORNO_02] Creating collector: l99.driver.fanuc.collectors.SpindleData, fanuc |l99.driver.fanuc.strategies.FanucMultiStrategy|
2025/12/09 15:43:37.141|DEBUG|[STARK_TORNO_02] Creating handler: l99.driver.fanuc.handlers.FanucOne |l99.driver.base.Machine|
2025/12/09 15:43:37.141|DEBUG|Adding machine:
{
  "id": "STARK_CENTRO_01",
  "enabled": true,
  "type": "l99.driver.fanuc.FanucMachine, fanuc",
  "strategy": "l99.driver.fanuc.strategies.FanucMultiStrategy, fanuc",
  "handler": "l99.driver.fanuc.handlers.FanucOne, fanuc",
  "transport": "l99.driver.fanuc.transports.MQTT, fanuc"
} |l99.driver.base.Machines|
2025/12/09 15:43:37.141|DEBUG|[STARK_CENTRO_01] Creating machine, enabled: True |l99.driver.base.Machine|
2025/12/09 15:43:37.156|DEBUG|[STARK_CENTRO_01] Creating veneers holder |l99.driver.base.Veneers|
2025/12/09 15:43:37.156|DEBUG|[STARK_CENTRO_01] Adding 'platform' to property bag. |l99.driver.base.Machine|
2025/12/09 15:43:37.156|DEBUG|[STARK_CENTRO_01] Creating transport: l99.driver.fanuc.transports.MQTT |l99.driver.base.Machine|
2025/12/09 15:43:37.156|INFO|[STARK_CENTRO_01] Connecting broker 'tcp://127.0.0.1:1883/STARK_CENTRO_01': Unspecified/127.0.0.1:1883 |l99.driver.fanuc.transports.MQTT|
2025/12/09 15:43:37.156|INFO|[STARK_CENTRO_01] Connected broker 'tcp://127.0.0.1:1883/STARK_CENTRO_01': Unspecified/127.0.0.1:1883 |l99.driver.fanuc.transports.MQTT|
2025/12/09 15:43:37.156|DEBUG|[STARK_CENTRO_01] Creating strategy: l99.driver.fanuc.strategies.FanucMultiStrategy |l99.driver.base.Machine|
2025/12/09 15:43:37.156|INFO|[STARK_CENTRO_01] Creating collector: l99.driver.fanuc.collectors.MachineInfo, fanuc |l99.driver.fanuc.strategies.FanucMultiStrategy|
2025/12/09 15:43:37.156|INFO|[STARK_CENTRO_01] Creating collector: l99.driver.fanuc.collectors.Alarms, fanuc |l99.driver.fanuc.strategies.FanucMultiStrategy|
2025/12/09 15:43:37.156|INFO|[STARK_CENTRO_01] Creating collector: l99.driver.fanuc.collectors.StateData, fanuc |l99.driver.fanuc.strategies.FanucMultiStrategy|
2025/12/09 15:43:37.156|INFO|[STARK_CENTRO_01] Creating collector: l99.driver.fanuc.collectors.ProductionData, fanuc |l99.driver.fanuc.strategies.FanucMultiStrategy|
2025/12/09 15:43:37.156|INFO|[STARK_CENTRO_01] Creating collector: l99.driver.fanuc.collectors.SpindleData, fanuc |l99.driver.fanuc.strategies.FanucMultiStrategy|
2025/12/09 15:43:37.156|DEBUG|[STARK_CENTRO_01] Creating handler: l99.driver.fanuc.handlers.FanucOne |l99.driver.base.Machine|
2025/12/09 15:43:37.156|INFO|[f_sim_mqtt_long] Machine disabled and will not be added |l99.driver.base.Machines|
2025/12/09 15:43:37.156|INFO|[f_sim_mtc_long] Machine disabled and will not be added |l99.driver.base.Machines|
2025/12/09 15:43:37.156|INFO|[f_sim_spb_long] Machine disabled and will not be added |l99.driver.base.Machines|
2025/12/09 15:43:37.156|INFO|[f_sim_influx_long] Machine disabled and will not be added |l99.driver.base.Machines|
2025/12/09 15:43:37.156|INFO|Machine tasks running |l99.driver.base.Machines|
2025/12/09 15:43:37.175|DEBUG|[STARK_TORNO_02] Initializing strategy... |l99.driver.base.Machine|
2025/12/09 15:43:37.175|DEBUG|[STARK_TORNO_PILOTO] Initializing strategy... |l99.driver.base.Machine|
2025/12/09 15:43:37.175|DEBUG|[STARK_CENTRO_01] Initializing strategy... |l99.driver.base.Machine|
2025/12/09 15:43:37.194|INFO|[STARK_CENTRO_01] Strategy initializing |l99.driver.fanuc.strategies.FanucMultiStrategy|
2025/12/09 15:43:37.194|INFO|[STARK_TORNO_02] Strategy initializing |l99.driver.fanuc.strategies.FanucMultiStrategy|
2025/12/09 15:43:37.194|INFO|[STARK_TORNO_PILOTO] Strategy initializing |l99.driver.fanuc.strategies.FanucMultiStrategy|
2025/12/09 15:43:37.402|DEBUG|[STARK_TORNO_PILOTO] Applying veneer: l99.driver.fanuc.veneers.FocasPerf |l99.driver.base.Machine|
2025/12/09 15:43:37.402|DEBUG|[STARK_TORNO_PILOTO] Applying veneer: l99.driver.fanuc.veneers.Connection |l99.driver.base.Machine|
2025/12/09 15:43:37.402|DEBUG|[STARK_TORNO_PILOTO] Applying veneer: l99.driver.fanuc.veneers.GetPath |l99.driver.base.Machine|
2025/12/09 15:43:37.430|DEBUG|[STARK_TORNO_PILOTO] Applying veneer: l99.driver.fanuc.veneers.RdAxisname |l99.driver.base.Machine|
2025/12/09 15:43:37.430|DEBUG|[STARK_TORNO_PILOTO] Applying veneer: l99.driver.fanuc.veneers.RdSpindlename |l99.driver.base.Machine|
2025/12/09 15:43:37.430|DEBUG|[STARK_TORNO_PILOTO] Applying veneer: l99.driver.fanuc.veneers.SysInfo |l99.driver.base.Machine|
2025/12/09 15:43:37.438|DEBUG|[STARK_TORNO_PILOTO] Applying veneer: l99.driver.fanuc.veneers.AlarmsSeries |l99.driver.base.Machine|
2025/12/09 15:43:37.438|DEBUG|[STARK_TORNO_PILOTO] Applying veneer: l99.driver.fanuc.veneers.StateData |l99.driver.base.Machine|
2025/12/09 15:43:37.438|DEBUG|[STARK_TORNO_PILOTO] Applying veneer: l99.driver.fanuc.veneers.ProductionData |l99.driver.base.Machine|
2025/12/09 15:43:37.596|DEBUG|[STARK_TORNO_PILOTO] Applying veneer: l99.driver.fanuc.veneers.SpindleData |l99.driver.base.Machine|
2025/12/09 15:43:37.722|INFO|[STARK_TORNO_PILOTO] Strategy initialized |l99.driver.fanuc.strategies.FanucMultiStrategy|
2025/12/09 15:43:38.927|INFO|[STARK_TORNO_PILOTO] Strategy started |l99.driver.fanuc.strategies.FanucMultiStrategy|
2025/12/09 15:43:47.328|WARN|[STARK_CENTRO_01] Strategy initialization pending (0 min) |l99.driver.fanuc.strategies.FanucMultiStrategy|
2025/12/09 15:43:47.328|WARN|[STARK_TORNO_02] Strategy initialization pending (0 min) |l99.driver.fanuc.strategies.FanucMultiStrategy|
2025/12/09 15:44:53.730|WARN|[STARK_TORNO_02] Strategy initialization pending (1 min) |l99.driver.fanuc.strategies.FanucMultiStrategy|
2025/12/09 15:44:53.763|WARN|[STARK_CENTRO_01] Strategy initialization pending (1 min) |l99.driver.fanuc.strategies.FanucMultiStrategy|
2025/12/09 15:45:25.498|ERROR|[STARK_TORNO_PILOTO] Connection lost. |l99.driver.fanuc.Platform|
2025/12/09 15:45:25.505|ERROR|[STARK_TORNO_PILOTO] Strategy sweep failed at segment Path System.Net.Sockets.SocketException (0xFFFFFFF0): Unknown error (0xfffffff0)
   at l99.driver.fanuc.Platform._nativeDispatch(Func`1 func, Boolean throwOnSocketError) in C:\source\ladder99\fanuc-driver\fanuc\platform\Platform.cs:line 91
   at l99.driver.fanuc.Platform.RdProgDir3Async(Int32 top_prog) in C:\source\ladder99\fanuc-driver\fanuc\platform\RdProgDir3.cs:line 7
   at CallSite.Target(Closure, CallSite, Object)
   at l99.driver.fanuc.collectors.ProductionData.CollectForEachPathAsync(Int16 currentPath, String[] axis, String[] spindle, Object pathMarker) in C:\source\ladder99\fanuc-driver\fanuc\collectors\ProductionData.cs:line 45
   at CallSite.Target(Closure, CallSite, Object)
   at l99.driver.fanuc.strategies.FanucMultiStrategy.CollectForEachPathAsync(Int16 currentPath, String[] axis, String[] spindle, Object pathMarker) in C:\source\ladder99\fanuc-driver\fanuc\strategies\FanucMultiStrategy.cs:line 112
   at CallSite.Target(Closure, CallSite, Object)
   at l99.driver.fanuc.strategies.FanucExtendedStrategy.CollectAsync() in C:\source\ladder99\fanuc-driver\fanuc\strategies\FanucExtendedStrategy.cs:line 585|l99.driver.fanuc.strategies.FanucMultiStrategy|
2025/12/09 15:46:00.066|WARN|[STARK_CENTRO_01] Strategy initialization pending (2 min) |l99.driver.fanuc.strategies.FanucMultiStrategy|
2025/12/09 15:46:00.066|WARN|[STARK_TORNO_02] Strategy initialization pending (2 min) |l99.driver.fanuc.strategies.FanucMultiStrategy|
2025/12/09 15:46:42.945|INFO|[STARK_TORNO_PILOTO] Machine task stopping |l99.driver.base.Machines|
2025/12/09 15:46:42.945|INFO|[STARK_TORNO_PILOTO] Platform stopping |l99.driver.base.Machine|
2025/12/09 15:46:42.945|INFO|[STARK_TORNO_PILOTO] Platform stopped |l99.driver.base.Machine|
2025/12/09 15:46:42.945|INFO|[STARK_TORNO_PILOTO] Machine task stopped |l99.driver.base.Machines|
2025/12/09 15:47:06.355|WARN|[STARK_CENTRO_01] Strategy initialization pending (3 min) |l99.driver.fanuc.strategies.FanucMultiStrategy|
2025/12/09 15:47:06.414|WARN|[STARK_TORNO_02] Strategy initialization pending (3 min) |l99.driver.fanuc.strategies.FanucMultiStrategy|
2025/12/09 15:48:12.643|WARN|[STARK_CENTRO_01] Strategy initialization pending (4 min) |l99.driver.fanuc.strategies.FanucMultiStrategy|
2025/12/09 15:48:12.692|WARN|[STARK_TORNO_02] Strategy initialization pending (4 min) |l99.driver.fanuc.strategies.FanucMultiStrategy|
2025/12/09 15:48:46.525|DEBUG|Adding machine:
{
  "id": "STARK_TORNO_PILOTO",
  "enabled": true,
  "type": "l99.driver.fanuc.FanucMachine, fanuc",
  "strategy": "l99.driver.fanuc.strategies.FanucMultiStrategy, fanuc",
  "handler": "l99.driver.fanuc.handlers.FanucOne, fanuc",
  "transport": "l99.driver.fanuc.transports.MQTT, fanuc"
} |l99.driver.base.Machines|
2025/12/09 15:48:46.639|DEBUG|[STARK_TORNO_PILOTO] Creating machine, enabled: True |l99.driver.base.Machine|
2025/12/09 15:48:46.642|DEBUG|[STARK_TORNO_PILOTO] Creating veneers holder |l99.driver.base.Veneers|
2025/12/09 15:48:46.642|DEBUG|[STARK_TORNO_PILOTO] Adding 'platform' to property bag. |l99.driver.base.Machine|
2025/12/09 15:48:46.682|DEBUG|[STARK_TORNO_PILOTO] Creating transport: l99.driver.fanuc.transports.MQTT |l99.driver.base.Machine|
2025/12/09 15:48:46.823|INFO|[STARK_TORNO_PILOTO] Connecting broker 'tcp://127.0.0.1:1883/STARK_TORNO_PILOTO': Unspecified/127.0.0.1:1883 |l99.driver.fanuc.transports.MQTT|
2025/12/09 15:48:46.921|INFO|[STARK_TORNO_PILOTO] Connected broker 'tcp://127.0.0.1:1883/STARK_TORNO_PILOTO': Unspecified/127.0.0.1:1883 |l99.driver.fanuc.transports.MQTT|
2025/12/09 15:48:46.926|DEBUG|[STARK_TORNO_PILOTO] Creating strategy: l99.driver.fanuc.strategies.FanucMultiStrategy |l99.driver.base.Machine|
2025/12/09 15:48:46.981|INFO|[STARK_TORNO_PILOTO] Creating collector: l99.driver.fanuc.collectors.MachineInfo, fanuc |l99.driver.fanuc.strategies.FanucMultiStrategy|
2025/12/09 15:48:46.998|INFO|[STARK_TORNO_PILOTO] Creating collector: l99.driver.fanuc.collectors.Alarms, fanuc |l99.driver.fanuc.strategies.FanucMultiStrategy|
2025/12/09 15:48:47.008|INFO|[STARK_TORNO_PILOTO] Creating collector: l99.driver.fanuc.collectors.StateData, fanuc |l99.driver.fanuc.strategies.FanucMultiStrategy|
2025/12/09 15:48:47.008|INFO|[STARK_TORNO_PILOTO] Creating collector: l99.driver.fanuc.collectors.ProductionData, fanuc |l99.driver.fanuc.strategies.FanucMultiStrategy|
2025/12/09 15:48:47.016|INFO|[STARK_TORNO_PILOTO] Creating collector: l99.driver.fanuc.collectors.SpindleData, fanuc |l99.driver.fanuc.strategies.FanucMultiStrategy|
2025/12/09 15:48:47.016|DEBUG|[STARK_TORNO_PILOTO] Creating handler: l99.driver.fanuc.handlers.FanucOne |l99.driver.base.Machine|
2025/12/09 15:48:47.016|DEBUG|Adding machine:
{
  "id": "STARK_TORNO_02",
  "enabled": true,
  "type": "l99.driver.fanuc.FanucMachine, fanuc",
  "strategy": "l99.driver.fanuc.strategies.FanucMultiStrategy, fanuc",
  "handler": "l99.driver.fanuc.handlers.FanucOne, fanuc",
  "transport": "l99.driver.fanuc.transports.MQTT, fanuc"
} |l99.driver.base.Machines|
2025/12/09 15:48:47.034|DEBUG|[STARK_TORNO_02] Creating machine, enabled: True |l99.driver.base.Machine|
2025/12/09 15:48:47.034|DEBUG|[STARK_TORNO_02] Creating veneers holder |l99.driver.base.Veneers|
2025/12/09 15:48:47.034|DEBUG|[STARK_TORNO_02] Adding 'platform' to property bag. |l99.driver.base.Machine|
2025/12/09 15:48:47.034|DEBUG|[STARK_TORNO_02] Creating transport: l99.driver.fanuc.transports.MQTT |l99.driver.base.Machine|
2025/12/09 15:48:47.047|INFO|[STARK_TORNO_02] Connecting broker 'tcp://127.0.0.1:1883/STARK_TORNO_02': Unspecified/127.0.0.1:1883 |l99.driver.fanuc.transports.MQTT|
2025/12/09 15:48:47.047|INFO|[STARK_TORNO_02] Connected broker 'tcp://127.0.0.1:1883/STARK_TORNO_02': Unspecified/127.0.0.1:1883 |l99.driver.fanuc.transports.MQTT|
2025/12/09 15:48:47.047|DEBUG|[STARK_TORNO_02] Creating strategy: l99.driver.fanuc.strategies.FanucMultiStrategy |l99.driver.base.Machine|
2025/12/09 15:48:47.047|INFO|[STARK_TORNO_02] Creating collector: l99.driver.fanuc.collectors.MachineInfo, fanuc |l99.driver.fanuc.strategies.FanucMultiStrategy|
2025/12/09 15:48:47.047|INFO|[STARK_TORNO_02] Creating collector: l99.driver.fanuc.collectors.Alarms, fanuc |l99.driver.fanuc.strategies.FanucMultiStrategy|
2025/12/09 15:48:47.067|INFO|[STARK_TORNO_02] Creating collector: l99.driver.fanuc.collectors.StateData, fanuc |l99.driver.fanuc.strategies.FanucMultiStrategy|
2025/12/09 15:48:47.067|INFO|[STARK_TORNO_02] Creating collector: l99.driver.fanuc.collectors.ProductionData, fanuc |l99.driver.fanuc.strategies.FanucMultiStrategy|
2025/12/09 15:48:47.067|INFO|[STARK_TORNO_02] Creating collector: l99.driver.fanuc.collectors.SpindleData, fanuc |l99.driver.fanuc.strategies.FanucMultiStrategy|
2025/12/09 15:48:47.067|DEBUG|[STARK_TORNO_02] Creating handler: l99.driver.fanuc.handlers.FanucOne |l99.driver.base.Machine|
2025/12/09 15:48:47.080|DEBUG|Adding machine:
{
  "id": "STARK_CENTRO_01",
  "enabled": true,
  "type": "l99.driver.fanuc.FanucMachine, fanuc",
  "strategy": "l99.driver.fanuc.strategies.FanucMultiStrategy, fanuc",
  "handler": "l99.driver.fanuc.handlers.FanucOne, fanuc",
  "transport": "l99.driver.fanuc.transports.MQTT, fanuc"
} |l99.driver.base.Machines|
2025/12/09 15:48:47.080|DEBUG|[STARK_CENTRO_01] Creating machine, enabled: True |l99.driver.base.Machine|
2025/12/09 15:48:47.080|DEBUG|[STARK_CENTRO_01] Creating veneers holder |l99.driver.base.Veneers|
2025/12/09 15:48:47.080|DEBUG|[STARK_CENTRO_01] Adding 'platform' to property bag. |l99.driver.base.Machine|
2025/12/09 15:48:47.080|DEBUG|[STARK_CENTRO_01] Creating transport: l99.driver.fanuc.transports.MQTT |l99.driver.base.Machine|
2025/12/09 15:48:47.080|INFO|[STARK_CENTRO_01] Connecting broker 'tcp://127.0.0.1:1883/STARK_CENTRO_01': Unspecified/127.0.0.1:1883 |l99.driver.fanuc.transports.MQTT|
2025/12/09 15:48:47.080|INFO|[STARK_CENTRO_01] Connected broker 'tcp://127.0.0.1:1883/STARK_CENTRO_01': Unspecified/127.0.0.1:1883 |l99.driver.fanuc.transports.MQTT|
2025/12/09 15:48:47.080|DEBUG|[STARK_CENTRO_01] Creating strategy: l99.driver.fanuc.strategies.FanucMultiStrategy |l99.driver.base.Machine|
2025/12/09 15:48:47.080|INFO|[STARK_CENTRO_01] Creating collector: l99.driver.fanuc.collectors.MachineInfo, fanuc |l99.driver.fanuc.strategies.FanucMultiStrategy|
2025/12/09 15:48:47.080|INFO|[STARK_CENTRO_01] Creating collector: l99.driver.fanuc.collectors.Alarms, fanuc |l99.driver.fanuc.strategies.FanucMultiStrategy|
2025/12/09 15:48:47.080|INFO|[STARK_CENTRO_01] Creating collector: l99.driver.fanuc.collectors.StateData, fanuc |l99.driver.fanuc.strategies.FanucMultiStrategy|
2025/12/09 15:48:47.080|INFO|[STARK_CENTRO_01] Creating collector: l99.driver.fanuc.collectors.ProductionData, fanuc |l99.driver.fanuc.strategies.FanucMultiStrategy|
2025/12/09 15:48:47.080|INFO|[STARK_CENTRO_01] Creating collector: l99.driver.fanuc.collectors.SpindleData, fanuc |l99.driver.fanuc.strategies.FanucMultiStrategy|
2025/12/09 15:48:47.080|DEBUG|[STARK_CENTRO_01] Creating handler: l99.driver.fanuc.handlers.FanucOne |l99.driver.base.Machine|
2025/12/09 15:48:47.094|INFO|[f_sim_mqtt_long] Machine disabled and will not be added |l99.driver.base.Machines|
2025/12/09 15:48:47.094|INFO|[f_sim_mtc_long] Machine disabled and will not be added |l99.driver.base.Machines|
2025/12/09 15:48:47.094|INFO|[f_sim_spb_long] Machine disabled and will not be added |l99.driver.base.Machines|
2025/12/09 15:48:47.094|INFO|[f_sim_influx_long] Machine disabled and will not be added |l99.driver.base.Machines|
2025/12/09 15:48:47.110|INFO|Machine tasks running |l99.driver.base.Machines|
2025/12/09 15:48:47.110|DEBUG|[STARK_TORNO_02] Initializing strategy... |l99.driver.base.Machine|
2025/12/09 15:48:47.110|DEBUG|[STARK_CENTRO_01] Initializing strategy... |l99.driver.base.Machine|
2025/12/09 15:48:47.110|DEBUG|[STARK_TORNO_PILOTO] Initializing strategy... |l99.driver.base.Machine|
2025/12/09 15:48:47.137|INFO|[STARK_CENTRO_01] Strategy initializing |l99.driver.fanuc.strategies.FanucMultiStrategy|
2025/12/09 15:48:47.137|INFO|[STARK_TORNO_PILOTO] Strategy initializing |l99.driver.fanuc.strategies.FanucMultiStrategy|
2025/12/09 15:48:47.137|INFO|[STARK_TORNO_02] Strategy initializing |l99.driver.fanuc.strategies.FanucMultiStrategy|
2025/12/09 15:48:47.397|DEBUG|[STARK_TORNO_PILOTO] Applying veneer: l99.driver.fanuc.veneers.FocasPerf |l99.driver.base.Machine|
2025/12/09 15:48:47.397|DEBUG|[STARK_TORNO_PILOTO] Applying veneer: l99.driver.fanuc.veneers.Connection |l99.driver.base.Machine|
2025/12/09 15:48:47.397|DEBUG|[STARK_TORNO_PILOTO] Applying veneer: l99.driver.fanuc.veneers.GetPath |l99.driver.base.Machine|
2025/12/09 15:48:47.424|DEBUG|[STARK_TORNO_PILOTO] Applying veneer: l99.driver.fanuc.veneers.RdAxisname |l99.driver.base.Machine|
2025/12/09 15:48:47.424|DEBUG|[STARK_TORNO_PILOTO] Applying veneer: l99.driver.fanuc.veneers.RdSpindlename |l99.driver.base.Machine|
2025/12/09 15:48:47.424|DEBUG|[STARK_TORNO_PILOTO] Applying veneer: l99.driver.fanuc.veneers.SysInfo |l99.driver.base.Machine|
2025/12/09 15:48:47.424|DEBUG|[STARK_TORNO_PILOTO] Applying veneer: l99.driver.fanuc.veneers.AlarmsSeries |l99.driver.base.Machine|
2025/12/09 15:48:47.440|DEBUG|[STARK_TORNO_PILOTO] Applying veneer: l99.driver.fanuc.veneers.StateData |l99.driver.base.Machine|
2025/12/09 15:48:47.440|DEBUG|[STARK_TORNO_PILOTO] Applying veneer: l99.driver.fanuc.veneers.ProductionData |l99.driver.base.Machine|
2025/12/09 15:48:47.595|DEBUG|[STARK_TORNO_PILOTO] Applying veneer: l99.driver.fanuc.veneers.SpindleData |l99.driver.base.Machine|
2025/12/09 15:48:47.750|INFO|[STARK_TORNO_PILOTO] Strategy initialized |l99.driver.fanuc.strategies.FanucMultiStrategy|
2025/12/09 15:48:48.994|INFO|[STARK_TORNO_PILOTO] Strategy started |l99.driver.fanuc.strategies.FanucMultiStrategy|
2025/12/09 15:48:57.226|WARN|[STARK_CENTRO_01] Strategy initialization pending (0 min) |l99.driver.fanuc.strategies.FanucMultiStrategy|
2025/12/09 15:48:57.264|WARN|[STARK_TORNO_02] Strategy initialization pending (0 min) |l99.driver.fanuc.strategies.FanucMultiStrategy|
2025/12/09 15:49:30.594|ERROR|[STARK_TORNO_PILOTO] Connection lost. |l99.driver.fanuc.Platform|
2025/12/09 15:49:30.613|ERROR|[STARK_TORNO_PILOTO] Strategy sweep failed at segment Path System.Net.Sockets.SocketException (0xFFFFFFF0): Unknown error (0xfffffff0)
   at l99.driver.fanuc.Platform.RdParam(Int16 number, Int16 axis, Int16 length, Int32 IODBPSD_type) in C:\source\ladder99\fanuc-driver\fanuc\platform\RdParam.cs:line 52
   at l99.driver.fanuc.Platform.RdParamDoubleWordNoAxisAsync(Int16 number) in C:\source\ladder99\fanuc-driver\fanuc\platform\RdParam.cs:line 17
   at CallSite.Target(Closure, CallSite, Object)
   at l99.driver.fanuc.collectors.ProductionData.CollectForEachPathAsync(Int16 currentPath, String[] axis, String[] spindle, Object pathMarker) in C:\source\ladder99\fanuc-driver\fanuc\collectors\ProductionData.cs:line 45
   at CallSite.Target(Closure, CallSite, Object)
   at l99.driver.fanuc.strategies.FanucMultiStrategy.CollectForEachPathAsync(Int16 currentPath, String[] axis, String[] spindle, Object pathMarker) in C:\source\ladder99\fanuc-driver\fanuc\strategies\FanucMultiStrategy.cs:line 112
   at CallSite.Target(Closure, CallSite, Object)
   at l99.driver.fanuc.strategies.FanucExtendedStrategy.CollectAsync() in C:\source\ladder99\fanuc-driver\fanuc\strategies\FanucExtendedStrategy.cs:line 585|l99.driver.fanuc.strategies.FanucMultiStrategy|
2025/12/09 15:50:03.506|WARN|[STARK_CENTRO_01] Strategy initialization pending (1 min) |l99.driver.fanuc.strategies.FanucMultiStrategy|
2025/12/09 15:50:03.553|WARN|[STARK_TORNO_02] Strategy initialization pending (1 min) |l99.driver.fanuc.strategies.FanucMultiStrategy|
2025/12/09 15:50:14.883|INFO|[STARK_TORNO_PILOTO] Machine task stopping |l99.driver.base.Machines|
2025/12/09 15:50:14.883|INFO|[STARK_TORNO_PILOTO] Platform stopping |l99.driver.base.Machine|
2025/12/09 15:50:14.883|INFO|[STARK_TORNO_PILOTO] Platform stopped |l99.driver.base.Machine|
2025/12/09 15:50:14.883|INFO|[STARK_TORNO_PILOTO] Machine task stopped |l99.driver.base.Machines|
2025/12/09 15:51:01.059|DEBUG|Adding machine:
{
  "id": "STARK_TORNO_PILOTO",
  "enabled": true,
  "type": "l99.driver.fanuc.FanucMachine, fanuc",
  "strategy": "l99.driver.fanuc.strategies.FanucMultiStrategy, fanuc",
  "handler": "l99.driver.fanuc.handlers.FanucOne, fanuc",
  "transport": "l99.driver.fanuc.transports.MQTT, fanuc"
} |l99.driver.base.Machines|
2025/12/09 15:51:01.156|DEBUG|[STARK_TORNO_PILOTO] Creating machine, enabled: True |l99.driver.base.Machine|
2025/12/09 15:51:01.156|DEBUG|[STARK_TORNO_PILOTO] Creating veneers holder |l99.driver.base.Veneers|
2025/12/09 15:51:01.173|DEBUG|[STARK_TORNO_PILOTO] Adding 'platform' to property bag. |l99.driver.base.Machine|
2025/12/09 15:51:01.202|DEBUG|[STARK_TORNO_PILOTO] Creating transport: l99.driver.fanuc.transports.MQTT |l99.driver.base.Machine|
2025/12/09 15:51:01.349|INFO|[STARK_TORNO_PILOTO] Connecting broker 'tcp://127.0.0.1:1883/STARK_TORNO_PILOTO': Unspecified/127.0.0.1:1883 |l99.driver.fanuc.transports.MQTT|
2025/12/09 15:51:01.435|INFO|[STARK_TORNO_PILOTO] Connected broker 'tcp://127.0.0.1:1883/STARK_TORNO_PILOTO': Unspecified/127.0.0.1:1883 |l99.driver.fanuc.transports.MQTT|
2025/12/09 15:51:01.441|DEBUG|[STARK_TORNO_PILOTO] Creating strategy: l99.driver.fanuc.strategies.FanucMultiStrategy |l99.driver.base.Machine|
2025/12/09 15:51:01.489|INFO|[STARK_TORNO_PILOTO] Creating collector: l99.driver.fanuc.collectors.MachineInfo, fanuc |l99.driver.fanuc.strategies.FanucMultiStrategy|
2025/12/09 15:51:01.508|INFO|[STARK_TORNO_PILOTO] Creating collector: l99.driver.fanuc.collectors.Alarms, fanuc |l99.driver.fanuc.strategies.FanucMultiStrategy|
2025/12/09 15:51:01.517|INFO|[STARK_TORNO_PILOTO] Creating collector: l99.driver.fanuc.collectors.StateData, fanuc |l99.driver.fanuc.strategies.FanucMultiStrategy|
2025/12/09 15:51:01.517|INFO|[STARK_TORNO_PILOTO] Creating collector: l99.driver.fanuc.collectors.ProductionData, fanuc |l99.driver.fanuc.strategies.FanucMultiStrategy|
2025/12/09 15:51:01.517|INFO|[STARK_TORNO_PILOTO] Creating collector: l99.driver.fanuc.collectors.SpindleData, fanuc |l99.driver.fanuc.strategies.FanucMultiStrategy|
2025/12/09 15:51:01.517|DEBUG|[STARK_TORNO_PILOTO] Creating handler: l99.driver.fanuc.handlers.FanucOne |l99.driver.base.Machine|
2025/12/09 15:51:01.539|DEBUG|Adding machine:
{
  "id": "STARK_TORNO_02",
  "enabled": true,
  "type": "l99.driver.fanuc.FanucMachine, fanuc",
  "strategy": "l99.driver.fanuc.strategies.FanucMultiStrategy, fanuc",
  "handler": "l99.driver.fanuc.handlers.FanucOne, fanuc",
  "transport": "l99.driver.fanuc.transports.MQTT, fanuc"
} |l99.driver.base.Machines|
2025/12/09 15:51:01.539|DEBUG|[STARK_TORNO_02] Creating machine, enabled: True |l99.driver.base.Machine|
2025/12/09 15:51:01.539|DEBUG|[STARK_TORNO_02] Creating veneers holder |l99.driver.base.Veneers|
2025/12/09 15:51:01.539|DEBUG|[STARK_TORNO_02] Adding 'platform' to property bag. |l99.driver.base.Machine|
2025/12/09 15:51:01.539|DEBUG|[STARK_TORNO_02] Creating transport: l99.driver.fanuc.transports.MQTT |l99.driver.base.Machine|
2025/12/09 15:51:01.539|INFO|[STARK_TORNO_02] Connecting broker 'tcp://127.0.0.1:1883/STARK_TORNO_02': Unspecified/127.0.0.1:1883 |l99.driver.fanuc.transports.MQTT|
2025/12/09 15:51:01.550|INFO|[STARK_TORNO_02] Connected broker 'tcp://127.0.0.1:1883/STARK_TORNO_02': Unspecified/127.0.0.1:1883 |l99.driver.fanuc.transports.MQTT|
2025/12/09 15:51:01.550|DEBUG|[STARK_TORNO_02] Creating strategy: l99.driver.fanuc.strategies.FanucMultiStrategy |l99.driver.base.Machine|
2025/12/09 15:51:01.550|INFO|[STARK_TORNO_02] Creating collector: l99.driver.fanuc.collectors.MachineInfo, fanuc |l99.driver.fanuc.strategies.FanucMultiStrategy|
2025/12/09 15:51:01.550|INFO|[STARK_TORNO_02] Creating collector: l99.driver.fanuc.collectors.Alarms, fanuc |l99.driver.fanuc.strategies.FanucMultiStrategy|
2025/12/09 15:51:01.550|INFO|[STARK_TORNO_02] Creating collector: l99.driver.fanuc.collectors.StateData, fanuc |l99.driver.fanuc.strategies.FanucMultiStrategy|
2025/12/09 15:51:01.550|INFO|[STARK_TORNO_02] Creating collector: l99.driver.fanuc.collectors.ProductionData, fanuc |l99.driver.fanuc.strategies.FanucMultiStrategy|
2025/12/09 15:51:01.550|INFO|[STARK_TORNO_02] Creating collector: l99.driver.fanuc.collectors.SpindleData, fanuc |l99.driver.fanuc.strategies.FanucMultiStrategy|
2025/12/09 15:51:01.550|DEBUG|[STARK_TORNO_02] Creating handler: l99.driver.fanuc.handlers.FanucOne |l99.driver.base.Machine|
2025/12/09 15:51:01.550|DEBUG|Adding machine:
{
  "id": "STARK_CENTRO_01",
  "enabled": true,
  "type": "l99.driver.fanuc.FanucMachine, fanuc",
  "strategy": "l99.driver.fanuc.strategies.FanucMultiStrategy, fanuc",
  "handler": "l99.driver.fanuc.handlers.FanucOne, fanuc",
  "transport": "l99.driver.fanuc.transports.MQTT, fanuc"
} |l99.driver.base.Machines|
2025/12/09 15:51:01.550|DEBUG|[STARK_CENTRO_01] Creating machine, enabled: True |l99.driver.base.Machine|
2025/12/09 15:51:01.550|DEBUG|[STARK_CENTRO_01] Creating veneers holder |l99.driver.base.Veneers|
2025/12/09 15:51:01.550|DEBUG|[STARK_CENTRO_01] Adding 'platform' to property bag. |l99.driver.base.Machine|
2025/12/09 15:51:01.550|DEBUG|[STARK_CENTRO_01] Creating transport: l99.driver.fanuc.transports.MQTT |l99.driver.base.Machine|
2025/12/09 15:51:01.550|INFO|[STARK_CENTRO_01] Connecting broker 'tcp://127.0.0.1:1883/STARK_CENTRO_01': Unspecified/127.0.0.1:1883 |l99.driver.fanuc.transports.MQTT|
2025/12/09 15:51:01.564|INFO|[STARK_CENTRO_01] Connected broker 'tcp://127.0.0.1:1883/STARK_CENTRO_01': Unspecified/127.0.0.1:1883 |l99.driver.fanuc.transports.MQTT|
2025/12/09 15:51:01.564|DEBUG|[STARK_CENTRO_01] Creating strategy: l99.driver.fanuc.strategies.FanucMultiStrategy |l99.driver.base.Machine|
2025/12/09 15:51:01.564|INFO|[STARK_CENTRO_01] Creating collector: l99.driver.fanuc.collectors.MachineInfo, fanuc |l99.driver.fanuc.strategies.FanucMultiStrategy|
2025/12/09 15:51:01.564|INFO|[STARK_CENTRO_01] Creating collector: l99.driver.fanuc.collectors.Alarms, fanuc |l99.driver.fanuc.strategies.FanucMultiStrategy|
2025/12/09 15:51:01.564|INFO|[STARK_CENTRO_01] Creating collector: l99.driver.fanuc.collectors.StateData, fanuc |l99.driver.fanuc.strategies.FanucMultiStrategy|
2025/12/09 15:51:01.564|INFO|[STARK_CENTRO_01] Creating collector: l99.driver.fanuc.collectors.ProductionData, fanuc |l99.driver.fanuc.strategies.FanucMultiStrategy|
2025/12/09 15:51:01.564|INFO|[STARK_CENTRO_01] Creating collector: l99.driver.fanuc.collectors.SpindleData, fanuc |l99.driver.fanuc.strategies.FanucMultiStrategy|
2025/12/09 15:51:01.564|DEBUG|[STARK_CENTRO_01] Creating handler: l99.driver.fanuc.handlers.FanucOne |l99.driver.base.Machine|
2025/12/09 15:51:01.564|INFO|[f_sim_mqtt_long] Machine disabled and will not be added |l99.driver.base.Machines|
2025/12/09 15:51:01.564|INFO|[f_sim_mtc_long] Machine disabled and will not be added |l99.driver.base.Machines|
2025/12/09 15:51:01.564|INFO|[f_sim_spb_long] Machine disabled and will not be added |l99.driver.base.Machines|
2025/12/09 15:51:01.564|INFO|[f_sim_influx_long] Machine disabled and will not be added |l99.driver.base.Machines|
2025/12/09 15:51:01.582|INFO|Machine tasks running |l99.driver.base.Machines|
2025/12/09 15:51:01.582|DEBUG|[STARK_TORNO_02] Initializing strategy... |l99.driver.base.Machine|
2025/12/09 15:51:01.582|DEBUG|[STARK_CENTRO_01] Initializing strategy... |l99.driver.base.Machine|
2025/12/09 15:51:01.582|DEBUG|[STARK_TORNO_PILOTO] Initializing strategy... |l99.driver.base.Machine|
2025/12/09 15:51:01.606|INFO|[STARK_CENTRO_01] Strategy initializing |l99.driver.fanuc.strategies.FanucMultiStrategy|
2025/12/09 15:51:01.606|INFO|[STARK_TORNO_PILOTO] Strategy initializing |l99.driver.fanuc.strategies.FanucMultiStrategy|
2025/12/09 15:51:01.606|INFO|[STARK_TORNO_02] Strategy initializing |l99.driver.fanuc.strategies.FanucMultiStrategy|
2025/12/09 15:51:11.710|WARN|[STARK_CENTRO_01] Strategy initialization pending (0 min) |l99.driver.fanuc.strategies.FanucMultiStrategy|
2025/12/09 15:51:11.722|WARN|[STARK_TORNO_02] Strategy initialization pending (0 min) |l99.driver.fanuc.strategies.FanucMultiStrategy|
2025/12/09 15:51:11.757|WARN|[STARK_TORNO_PILOTO] Strategy initialization pending (0 min) |l99.driver.fanuc.strategies.FanucMultiStrategy|
2025/12/09 15:51:12.911|DEBUG|[STARK_TORNO_PILOTO] Applying veneer: l99.driver.fanuc.veneers.FocasPerf |l99.driver.base.Machine|
2025/12/09 15:51:12.911|DEBUG|[STARK_TORNO_PILOTO] Applying veneer: l99.driver.fanuc.veneers.Connection |l99.driver.base.Machine|
2025/12/09 15:51:12.911|DEBUG|[STARK_TORNO_PILOTO] Applying veneer: l99.driver.fanuc.veneers.GetPath |l99.driver.base.Machine|
2025/12/09 15:51:12.932|DEBUG|[STARK_TORNO_PILOTO] Applying veneer: l99.driver.fanuc.veneers.RdAxisname |l99.driver.base.Machine|
2025/12/09 15:51:12.932|DEBUG|[STARK_TORNO_PILOTO] Applying veneer: l99.driver.fanuc.veneers.RdSpindlename |l99.driver.base.Machine|
2025/12/09 15:51:12.932|DEBUG|[STARK_TORNO_PILOTO] Applying veneer: l99.driver.fanuc.veneers.SysInfo |l99.driver.base.Machine|
2025/12/09 15:51:12.939|DEBUG|[STARK_TORNO_PILOTO] Applying veneer: l99.driver.fanuc.veneers.AlarmsSeries |l99.driver.base.Machine|
2025/12/09 15:51:12.939|DEBUG|[STARK_TORNO_PILOTO] Applying veneer: l99.driver.fanuc.veneers.StateData |l99.driver.base.Machine|
2025/12/09 15:51:12.939|DEBUG|[STARK_TORNO_PILOTO] Applying veneer: l99.driver.fanuc.veneers.ProductionData |l99.driver.base.Machine|
2025/12/09 15:51:13.076|DEBUG|[STARK_TORNO_PILOTO] Applying veneer: l99.driver.fanuc.veneers.SpindleData |l99.driver.base.Machine|
2025/12/09 15:51:13.190|INFO|[STARK_TORNO_PILOTO] Strategy initialized |l99.driver.fanuc.strategies.FanucMultiStrategy|
2025/12/09 15:51:13.190|INFO|[STARK_TORNO_PILOTO] Machine task stopping |l99.driver.base.Machines|
2025/12/09 15:51:13.190|INFO|[STARK_TORNO_PILOTO] Platform stopping |l99.driver.base.Machine|
2025/12/09 15:51:13.190|INFO|[STARK_TORNO_PILOTO] Platform stopped |l99.driver.base.Machine|
2025/12/09 15:51:13.190|INFO|[STARK_TORNO_PILOTO] Machine task stopped |l99.driver.base.Machines|
2025/12/09 15:51:37.406|DEBUG|Adding machine:
{
  "id": "STARK_TORNO_PILOTO",
  "enabled": true,
  "type": "l99.driver.fanuc.FanucMachine, fanuc",
  "strategy": "l99.driver.fanuc.strategies.FanucMultiStrategy, fanuc",
  "handler": "l99.driver.fanuc.handlers.FanucOne, fanuc",
  "transport": "l99.driver.fanuc.transports.MQTT, fanuc"
} |l99.driver.base.Machines|
2025/12/09 15:51:37.488|DEBUG|[STARK_TORNO_PILOTO] Creating machine, enabled: True |l99.driver.base.Machine|
2025/12/09 15:51:37.488|DEBUG|[STARK_TORNO_PILOTO] Creating veneers holder |l99.driver.base.Veneers|
2025/12/09 15:51:37.488|DEBUG|[STARK_TORNO_PILOTO] Adding 'platform' to property bag. |l99.driver.base.Machine|
2025/12/09 15:51:37.520|DEBUG|[STARK_TORNO_PILOTO] Creating transport: l99.driver.fanuc.transports.MQTT |l99.driver.base.Machine|
2025/12/09 15:51:37.635|INFO|[STARK_TORNO_PILOTO] Connecting broker 'tcp://127.0.0.1:1883/STARK_TORNO_PILOTO': Unspecified/127.0.0.1:1883 |l99.driver.fanuc.transports.MQTT|
2025/12/09 15:51:37.708|INFO|[STARK_TORNO_PILOTO] Connected broker 'tcp://127.0.0.1:1883/STARK_TORNO_PILOTO': Unspecified/127.0.0.1:1883 |l99.driver.fanuc.transports.MQTT|
2025/12/09 15:51:37.708|DEBUG|[STARK_TORNO_PILOTO] Creating strategy: l99.driver.fanuc.strategies.FanucMultiStrategy |l99.driver.base.Machine|
2025/12/09 15:51:37.752|INFO|[STARK_TORNO_PILOTO] Creating collector: l99.driver.fanuc.collectors.MachineInfo, fanuc |l99.driver.fanuc.strategies.FanucMultiStrategy|
2025/12/09 15:51:37.752|INFO|[STARK_TORNO_PILOTO] Creating collector: l99.driver.fanuc.collectors.Alarms, fanuc |l99.driver.fanuc.strategies.FanucMultiStrategy|
2025/12/09 15:51:37.771|INFO|[STARK_TORNO_PILOTO] Creating collector: l99.driver.fanuc.collectors.StateData, fanuc |l99.driver.fanuc.strategies.FanucMultiStrategy|
2025/12/09 15:51:37.771|INFO|[STARK_TORNO_PILOTO] Creating collector: l99.driver.fanuc.collectors.ProductionData, fanuc |l99.driver.fanuc.strategies.FanucMultiStrategy|
2025/12/09 15:51:37.771|INFO|[STARK_TORNO_PILOTO] Creating collector: l99.driver.fanuc.collectors.SpindleData, fanuc |l99.driver.fanuc.strategies.FanucMultiStrategy|
2025/12/09 15:51:37.771|DEBUG|[STARK_TORNO_PILOTO] Creating handler: l99.driver.fanuc.handlers.FanucOne |l99.driver.base.Machine|
2025/12/09 15:51:37.786|DEBUG|Adding machine:
{
  "id": "STARK_TORNO_02",
  "enabled": true,
  "type": "l99.driver.fanuc.FanucMachine, fanuc",
  "strategy": "l99.driver.fanuc.strategies.FanucMultiStrategy, fanuc",
  "handler": "l99.driver.fanuc.handlers.FanucOne, fanuc",
  "transport": "l99.driver.fanuc.transports.MQTT, fanuc"
} |l99.driver.base.Machines|
2025/12/09 15:51:37.786|DEBUG|[STARK_TORNO_02] Creating machine, enabled: True |l99.driver.base.Machine|
2025/12/09 15:51:37.786|DEBUG|[STARK_TORNO_02] Creating veneers holder |l99.driver.base.Veneers|
2025/12/09 15:51:37.786|DEBUG|[STARK_TORNO_02] Adding 'platform' to property bag. |l99.driver.base.Machine|
2025/12/09 15:51:37.786|DEBUG|[STARK_TORNO_02] Creating transport: l99.driver.fanuc.transports.MQTT |l99.driver.base.Machine|
2025/12/09 15:51:37.786|INFO|[STARK_TORNO_02] Connecting broker 'tcp://127.0.0.1:1883/STARK_TORNO_02': Unspecified/127.0.0.1:1883 |l99.driver.fanuc.transports.MQTT|
2025/12/09 15:51:37.786|INFO|[STARK_TORNO_02] Connected broker 'tcp://127.0.0.1:1883/STARK_TORNO_02': Unspecified/127.0.0.1:1883 |l99.driver.fanuc.transports.MQTT|
2025/12/09 15:51:37.786|DEBUG|[STARK_TORNO_02] Creating strategy: l99.driver.fanuc.strategies.FanucMultiStrategy |l99.driver.base.Machine|
2025/12/09 15:51:37.786|INFO|[STARK_TORNO_02] Creating collector: l99.driver.fanuc.collectors.MachineInfo, fanuc |l99.driver.fanuc.strategies.FanucMultiStrategy|
2025/12/09 15:51:37.786|INFO|[STARK_TORNO_02] Creating collector: l99.driver.fanuc.collectors.Alarms, fanuc |l99.driver.fanuc.strategies.FanucMultiStrategy|
2025/12/09 15:51:37.797|INFO|[STARK_TORNO_02] Creating collector: l99.driver.fanuc.collectors.StateData, fanuc |l99.driver.fanuc.strategies.FanucMultiStrategy|
2025/12/09 15:51:37.797|INFO|[STARK_TORNO_02] Creating collector: l99.driver.fanuc.collectors.ProductionData, fanuc |l99.driver.fanuc.strategies.FanucMultiStrategy|
2025/12/09 15:51:37.797|INFO|[STARK_TORNO_02] Creating collector: l99.driver.fanuc.collectors.SpindleData, fanuc |l99.driver.fanuc.strategies.FanucMultiStrategy|
2025/12/09 15:51:37.797|DEBUG|[STARK_TORNO_02] Creating handler: l99.driver.fanuc.handlers.FanucOne |l99.driver.base.Machine|
2025/12/09 15:51:37.797|DEBUG|Adding machine:
{
  "id": "STARK_CENTRO_01",
  "enabled": true,
  "type": "l99.driver.fanuc.FanucMachine, fanuc",
  "strategy": "l99.driver.fanuc.strategies.FanucMultiStrategy, fanuc",
  "handler": "l99.driver.fanuc.handlers.FanucOne, fanuc",
  "transport": "l99.driver.fanuc.transports.MQTT, fanuc"
} |l99.driver.base.Machines|
2025/12/09 15:51:37.797|DEBUG|[STARK_CENTRO_01] Creating machine, enabled: True |l99.driver.base.Machine|
2025/12/09 15:51:37.797|DEBUG|[STARK_CENTRO_01] Creating veneers holder |l99.driver.base.Veneers|
2025/12/09 15:51:37.797|DEBUG|[STARK_CENTRO_01] Adding 'platform' to property bag. |l99.driver.base.Machine|
2025/12/09 15:51:37.797|DEBUG|[STARK_CENTRO_01] Creating transport: l99.driver.fanuc.transports.MQTT |l99.driver.base.Machine|
2025/12/09 15:51:37.797|INFO|[STARK_CENTRO_01] Connecting broker 'tcp://127.0.0.1:1883/STARK_CENTRO_01': Unspecified/127.0.0.1:1883 |l99.driver.fanuc.transports.MQTT|
2025/12/09 15:51:37.797|INFO|[STARK_CENTRO_01] Connected broker 'tcp://127.0.0.1:1883/STARK_CENTRO_01': Unspecified/127.0.0.1:1883 |l99.driver.fanuc.transports.MQTT|
2025/12/09 15:51:37.797|DEBUG|[STARK_CENTRO_01] Creating strategy: l99.driver.fanuc.strategies.FanucMultiStrategy |l99.driver.base.Machine|
2025/12/09 15:51:37.797|INFO|[STARK_CENTRO_01] Creating collector: l99.driver.fanuc.collectors.MachineInfo, fanuc |l99.driver.fanuc.strategies.FanucMultiStrategy|
2025/12/09 15:51:37.797|INFO|[STARK_CENTRO_01] Creating collector: l99.driver.fanuc.collectors.Alarms, fanuc |l99.driver.fanuc.strategies.FanucMultiStrategy|
2025/12/09 15:51:37.797|INFO|[STARK_CENTRO_01] Creating collector: l99.driver.fanuc.collectors.StateData, fanuc |l99.driver.fanuc.strategies.FanucMultiStrategy|
2025/12/09 15:51:37.797|INFO|[STARK_CENTRO_01] Creating collector: l99.driver.fanuc.collectors.ProductionData, fanuc |l99.driver.fanuc.strategies.FanucMultiStrategy|
2025/12/09 15:51:37.797|INFO|[STARK_CENTRO_01] Creating collector: l99.driver.fanuc.collectors.SpindleData, fanuc |l99.driver.fanuc.strategies.FanucMultiStrategy|
2025/12/09 15:51:37.797|DEBUG|[STARK_CENTRO_01] Creating handler: l99.driver.fanuc.handlers.FanucOne |l99.driver.base.Machine|
2025/12/09 15:51:37.797|INFO|[f_sim_mqtt_long] Machine disabled and will not be added |l99.driver.base.Machines|
2025/12/09 15:51:37.797|INFO|[f_sim_mtc_long] Machine disabled and will not be added |l99.driver.base.Machines|
2025/12/09 15:51:37.797|INFO|[f_sim_spb_long] Machine disabled and will not be added |l99.driver.base.Machines|
2025/12/09 15:51:37.812|INFO|[f_sim_influx_long] Machine disabled and will not be added |l99.driver.base.Machines|
2025/12/09 15:51:37.812|INFO|Machine tasks running |l99.driver.base.Machines|
2025/12/09 15:51:37.812|DEBUG|[STARK_TORNO_02] Initializing strategy... |l99.driver.base.Machine|
2025/12/09 15:51:37.812|DEBUG|[STARK_CENTRO_01] Initializing strategy... |l99.driver.base.Machine|
2025/12/09 15:51:37.812|DEBUG|[STARK_TORNO_PILOTO] Initializing strategy... |l99.driver.base.Machine|
2025/12/09 15:51:37.841|INFO|[STARK_TORNO_02] Strategy initializing |l99.driver.fanuc.strategies.FanucMultiStrategy|
2025/12/09 15:51:37.841|INFO|[STARK_TORNO_PILOTO] Strategy initializing |l99.driver.fanuc.strategies.FanucMultiStrategy|
2025/12/09 15:51:37.841|INFO|[STARK_CENTRO_01] Strategy initializing |l99.driver.fanuc.strategies.FanucMultiStrategy|
2025/12/09 15:51:38.062|DEBUG|[STARK_TORNO_PILOTO] Applying veneer: l99.driver.fanuc.veneers.FocasPerf |l99.driver.base.Machine|
2025/12/09 15:51:38.063|DEBUG|[STARK_TORNO_PILOTO] Applying veneer: l99.driver.fanuc.veneers.Connection |l99.driver.base.Machine|
2025/12/09 15:51:38.063|DEBUG|[STARK_TORNO_PILOTO] Applying veneer: l99.driver.fanuc.veneers.GetPath |l99.driver.base.Machine|
2025/12/09 15:51:38.086|DEBUG|[STARK_TORNO_PILOTO] Applying veneer: l99.driver.fanuc.veneers.RdAxisname |l99.driver.base.Machine|
2025/12/09 15:51:38.086|DEBUG|[STARK_TORNO_PILOTO] Applying veneer: l99.driver.fanuc.veneers.RdSpindlename |l99.driver.base.Machine|
2025/12/09 15:51:38.086|DEBUG|[STARK_TORNO_PILOTO] Applying veneer: l99.driver.fanuc.veneers.SysInfo |l99.driver.base.Machine|
2025/12/09 15:51:38.094|DEBUG|[STARK_TORNO_PILOTO] Applying veneer: l99.driver.fanuc.veneers.AlarmsSeries |l99.driver.base.Machine|
2025/12/09 15:51:38.094|DEBUG|[STARK_TORNO_PILOTO] Applying veneer: l99.driver.fanuc.veneers.StateData |l99.driver.base.Machine|
2025/12/09 15:51:38.094|DEBUG|[STARK_TORNO_PILOTO] Applying veneer: l99.driver.fanuc.veneers.ProductionData |l99.driver.base.Machine|
2025/12/09 15:51:38.252|DEBUG|[STARK_TORNO_PILOTO] Applying veneer: l99.driver.fanuc.veneers.SpindleData |l99.driver.base.Machine|
2025/12/09 15:51:38.386|INFO|[STARK_TORNO_PILOTO] Strategy initialized |l99.driver.fanuc.strategies.FanucMultiStrategy|
2025/12/09 15:51:39.585|INFO|[STARK_TORNO_PILOTO] Strategy started |l99.driver.fanuc.strategies.FanucMultiStrategy|
2025/12/09 15:51:47.925|WARN|[STARK_CENTRO_01] Strategy initialization pending (0 min) |l99.driver.fanuc.strategies.FanucMultiStrategy|
2025/12/09 15:51:47.994|WARN|[STARK_TORNO_02] Strategy initialization pending (0 min) |l99.driver.fanuc.strategies.FanucMultiStrategy|
2025/12/09 15:52:54.242|WARN|[STARK_CENTRO_01] Strategy initialization pending (1 min) |l99.driver.fanuc.strategies.FanucMultiStrategy|
2025/12/09 15:52:54.354|WARN|[STARK_TORNO_02] Strategy initialization pending (1 min) |l99.driver.fanuc.strategies.FanucMultiStrategy|
2025/12/09 15:52:59.866|ERROR|[STARK_TORNO_PILOTO] Connection lost. |l99.driver.fanuc.Platform|
2025/12/09 15:52:59.886|ERROR|[STARK_TORNO_PILOTO] Strategy sweep failed at segment Root System.Net.Sockets.SocketException (0xFFFFFFF0): Unknown error (0xfffffff0)
   at l99.driver.fanuc.Platform.RdParam(Int16 number, Int16 axis, Int16 length, Int32 IODBPSD_type) in C:\source\ladder99\fanuc-driver\fanuc\platform\RdParam.cs:line 52
   at l99.driver.fanuc.Platform.RdParamDoubleWordNoAxisAsync(Int16 number) in C:\source\ladder99\fanuc-driver\fanuc\platform\RdParam.cs:line 17
   at CallSite.Target(Closure, CallSite, Object)
   at l99.driver.fanuc.collectors.StateData.CollectRootAsync() in C:\source\ladder99\fanuc-driver\fanuc\collectors\StateData.cs:line 20
   at l99.driver.fanuc.strategies.FanucMultiStrategy.CollectRootAsync() in C:\source\ladder99\fanuc-driver\fanuc\strategies\FanucMultiStrategy.cs:line 97
   at l99.driver.fanuc.strategies.FanucExtendedStrategy.CollectAsync() in C:\source\ladder99\fanuc-driver\fanuc\strategies\FanucExtendedStrategy.cs:line 517|l99.driver.fanuc.strategies.FanucMultiStrategy|
2025/12/09 15:54:00.539|WARN|[STARK_CENTRO_01] Strategy initialization pending (2 min) |l99.driver.fanuc.strategies.FanucMultiStrategy|
2025/12/09 15:54:00.647|WARN|[STARK_TORNO_02] Strategy initialization pending (2 min) |l99.driver.fanuc.strategies.FanucMultiStrategy|
2025/12/09 15:55:06.820|WARN|[STARK_CENTRO_01] Strategy initialization pending (3 min) |l99.driver.fanuc.strategies.FanucMultiStrategy|
2025/12/09 15:55:06.914|WARN|[STARK_TORNO_02] Strategy initialization pending (3 min) |l99.driver.fanuc.strategies.FanucMultiStrategy|
2025/12/09 15:55:34.164|INFO|[STARK_TORNO_PILOTO] Machine task stopping |l99.driver.base.Machines|
2025/12/09 15:55:34.164|INFO|[STARK_TORNO_PILOTO] Platform stopping |l99.driver.base.Machine|
2025/12/09 15:55:34.164|INFO|[STARK_TORNO_PILOTO] Platform stopped |l99.driver.base.Machine|
2025/12/09 15:55:34.164|INFO|[STARK_TORNO_PILOTO] Machine task stopped |l99.driver.base.Machines|
2025/12/09 15:56:33.241|DEBUG|Adding machine:
{
  "id": "STARK_TORNO_PILOTO",
  "enabled": true,
  "type": "l99.driver.fanuc.FanucMachine, fanuc",
  "strategy": "l99.driver.fanuc.strategies.FanucMultiStrategy, fanuc",
  "handler": "l99.driver.fanuc.handlers.FanucOne, fanuc",
  "transport": "l99.driver.fanuc.transports.MQTT, fanuc"
} |l99.driver.base.Machines|
2025/12/09 15:56:33.366|DEBUG|[STARK_TORNO_PILOTO] Creating machine, enabled: True |l99.driver.base.Machine|
2025/12/09 15:56:33.366|DEBUG|[STARK_TORNO_PILOTO] Creating veneers holder |l99.driver.base.Veneers|
2025/12/09 15:56:33.411|DEBUG|[STARK_TORNO_PILOTO] Adding 'platform' to property bag. |l99.driver.base.Machine|
2025/12/09 15:56:33.441|DEBUG|[STARK_TORNO_PILOTO] Creating transport: l99.driver.fanuc.transports.MQTT |l99.driver.base.Machine|
2025/12/09 15:56:33.637|INFO|[STARK_TORNO_PILOTO] Connecting broker 'tcp://127.0.0.1:1883/STARK_TORNO_PILOTO': Unspecified/127.0.0.1:1883 |l99.driver.fanuc.transports.MQTT|
2025/12/09 15:56:33.755|INFO|[STARK_TORNO_PILOTO] Connected broker 'tcp://127.0.0.1:1883/STARK_TORNO_PILOTO': Unspecified/127.0.0.1:1883 |l99.driver.fanuc.transports.MQTT|
2025/12/09 15:56:33.755|DEBUG|[STARK_TORNO_PILOTO] Creating strategy: l99.driver.fanuc.strategies.FanucMultiStrategy |l99.driver.base.Machine|
2025/12/09 15:56:33.822|INFO|[STARK_TORNO_PILOTO] Creating collector: l99.driver.fanuc.collectors.MachineInfo, fanuc |l99.driver.fanuc.strategies.FanucMultiStrategy|
2025/12/09 15:56:33.838|INFO|[STARK_TORNO_PILOTO] Creating collector: l99.driver.fanuc.collectors.Alarms, fanuc |l99.driver.fanuc.strategies.FanucMultiStrategy|
2025/12/09 15:56:33.846|INFO|[STARK_TORNO_PILOTO] Creating collector: l99.driver.fanuc.collectors.StateData, fanuc |l99.driver.fanuc.strategies.FanucMultiStrategy|
2025/12/09 15:56:33.846|INFO|[STARK_TORNO_PILOTO] Creating collector: l99.driver.fanuc.collectors.ProductionData, fanuc |l99.driver.fanuc.strategies.FanucMultiStrategy|
2025/12/09 15:56:33.846|INFO|[STARK_TORNO_PILOTO] Creating collector: l99.driver.fanuc.collectors.SpindleData, fanuc |l99.driver.fanuc.strategies.FanucMultiStrategy|
2025/12/09 15:56:33.846|DEBUG|[STARK_TORNO_PILOTO] Creating handler: l99.driver.fanuc.handlers.FanucOne |l99.driver.base.Machine|
2025/12/09 15:56:33.864|DEBUG|Adding machine:
{
  "id": "STARK_TORNO_02",
  "enabled": true,
  "type": "l99.driver.fanuc.FanucMachine, fanuc",
  "strategy": "l99.driver.fanuc.strategies.FanucMultiStrategy, fanuc",
  "handler": "l99.driver.fanuc.handlers.FanucOne, fanuc",
  "transport": "l99.driver.fanuc.transports.MQTT, fanuc"
} |l99.driver.base.Machines|
2025/12/09 15:56:33.864|DEBUG|[STARK_TORNO_02] Creating machine, enabled: True |l99.driver.base.Machine|
2025/12/09 15:56:33.864|DEBUG|[STARK_TORNO_02] Creating veneers holder |l99.driver.base.Veneers|
2025/12/09 15:56:33.864|DEBUG|[STARK_TORNO_02] Adding 'platform' to property bag. |l99.driver.base.Machine|
2025/12/09 15:56:33.864|DEBUG|[STARK_TORNO_02] Creating transport: l99.driver.fanuc.transports.MQTT |l99.driver.base.Machine|
2025/12/09 15:56:33.864|INFO|[STARK_TORNO_02] Connecting broker 'tcp://127.0.0.1:1883/STARK_TORNO_02': Unspecified/127.0.0.1:1883 |l99.driver.fanuc.transports.MQTT|
2025/12/09 15:56:33.864|INFO|[STARK_TORNO_02] Connected broker 'tcp://127.0.0.1:1883/STARK_TORNO_02': Unspecified/127.0.0.1:1883 |l99.driver.fanuc.transports.MQTT|
2025/12/09 15:56:33.864|DEBUG|[STARK_TORNO_02] Creating strategy: l99.driver.fanuc.strategies.FanucMultiStrategy |l99.driver.base.Machine|
2025/12/09 15:56:33.864|INFO|[STARK_TORNO_02] Creating collector: l99.driver.fanuc.collectors.MachineInfo, fanuc |l99.driver.fanuc.strategies.FanucMultiStrategy|
2025/12/09 15:56:33.864|INFO|[STARK_TORNO_02] Creating collector: l99.driver.fanuc.collectors.Alarms, fanuc |l99.driver.fanuc.strategies.FanucMultiStrategy|
2025/12/09 15:56:33.876|INFO|[STARK_TORNO_02] Creating collector: l99.driver.fanuc.collectors.StateData, fanuc |l99.driver.fanuc.strategies.FanucMultiStrategy|
2025/12/09 15:56:33.876|INFO|[STARK_TORNO_02] Creating collector: l99.driver.fanuc.collectors.ProductionData, fanuc |l99.driver.fanuc.strategies.FanucMultiStrategy|
2025/12/09 15:56:33.876|INFO|[STARK_TORNO_02] Creating collector: l99.driver.fanuc.collectors.SpindleData, fanuc |l99.driver.fanuc.strategies.FanucMultiStrategy|
2025/12/09 15:56:33.876|DEBUG|[STARK_TORNO_02] Creating handler: l99.driver.fanuc.handlers.FanucOne |l99.driver.base.Machine|
2025/12/09 15:56:33.876|DEBUG|Adding machine:
{
  "id": "STARK_CENTRO_01",
  "enabled": true,
  "type": "l99.driver.fanuc.FanucMachine, fanuc",
  "strategy": "l99.driver.fanuc.strategies.FanucMultiStrategy, fanuc",
  "handler": "l99.driver.fanuc.handlers.FanucOne, fanuc",
  "transport": "l99.driver.fanuc.transports.MQTT, fanuc"
} |l99.driver.base.Machines|
2025/12/09 15:56:33.876|DEBUG|[STARK_CENTRO_01] Creating machine, enabled: True |l99.driver.base.Machine|
2025/12/09 15:56:33.876|DEBUG|[STARK_CENTRO_01] Creating veneers holder |l99.driver.base.Veneers|
2025/12/09 15:56:33.876|DEBUG|[STARK_CENTRO_01] Adding 'platform' to property bag. |l99.driver.base.Machine|
2025/12/09 15:56:33.876|DEBUG|[STARK_CENTRO_01] Creating transport: l99.driver.fanuc.transports.MQTT |l99.driver.base.Machine|
2025/12/09 15:56:33.876|INFO|[STARK_CENTRO_01] Connecting broker 'tcp://127.0.0.1:1883/STARK_CENTRO_01': Unspecified/127.0.0.1:1883 |l99.driver.fanuc.transports.MQTT|
2025/12/09 15:56:33.876|INFO|[STARK_CENTRO_01] Connected broker 'tcp://127.0.0.1:1883/STARK_CENTRO_01': Unspecified/127.0.0.1:1883 |l99.driver.fanuc.transports.MQTT|
2025/12/09 15:56:33.876|DEBUG|[STARK_CENTRO_01] Creating strategy: l99.driver.fanuc.strategies.FanucMultiStrategy |l99.driver.base.Machine|
2025/12/09 15:56:33.876|INFO|[STARK_CENTRO_01] Creating collector: l99.driver.fanuc.collectors.MachineInfo, fanuc |l99.driver.fanuc.strategies.FanucMultiStrategy|
2025/12/09 15:56:33.876|INFO|[STARK_CENTRO_01] Creating collector: l99.driver.fanuc.collectors.Alarms, fanuc |l99.driver.fanuc.strategies.FanucMultiStrategy|
2025/12/09 15:56:33.876|INFO|[STARK_CENTRO_01] Creating collector: l99.driver.fanuc.collectors.StateData, fanuc |l99.driver.fanuc.strategies.FanucMultiStrategy|
2025/12/09 15:56:33.876|INFO|[STARK_CENTRO_01] Creating collector: l99.driver.fanuc.collectors.ProductionData, fanuc |l99.driver.fanuc.strategies.FanucMultiStrategy|
2025/12/09 15:56:33.876|INFO|[STARK_CENTRO_01] Creating collector: l99.driver.fanuc.collectors.SpindleData, fanuc |l99.driver.fanuc.strategies.FanucMultiStrategy|
2025/12/09 15:56:33.876|DEBUG|[STARK_CENTRO_01] Creating handler: l99.driver.fanuc.handlers.FanucOne |l99.driver.base.Machine|
2025/12/09 15:56:33.876|INFO|[f_sim_mqtt_long] Machine disabled and will not be added |l99.driver.base.Machines|
2025/12/09 15:56:33.876|INFO|[f_sim_mtc_long] Machine disabled and will not be added |l99.driver.base.Machines|
2025/12/09 15:56:33.876|INFO|[f_sim_spb_long] Machine disabled and will not be added |l99.driver.base.Machines|
2025/12/09 15:56:33.876|INFO|[f_sim_influx_long] Machine disabled and will not be added |l99.driver.base.Machines|
2025/12/09 15:56:33.896|INFO|Machine tasks running |l99.driver.base.Machines|
2025/12/09 15:56:33.896|DEBUG|[STARK_CENTRO_01] Initializing strategy... |l99.driver.base.Machine|
2025/12/09 15:56:33.896|DEBUG|[STARK_TORNO_02] Initializing strategy... |l99.driver.base.Machine|
2025/12/09 15:56:33.896|DEBUG|[STARK_TORNO_PILOTO] Initializing strategy... |l99.driver.base.Machine|
2025/12/09 15:56:33.920|INFO|[STARK_CENTRO_01] Strategy initializing |l99.driver.fanuc.strategies.FanucMultiStrategy|
2025/12/09 15:56:33.920|INFO|[STARK_TORNO_PILOTO] Strategy initializing |l99.driver.fanuc.strategies.FanucMultiStrategy|
2025/12/09 15:56:33.920|INFO|[STARK_TORNO_02] Strategy initializing |l99.driver.fanuc.strategies.FanucMultiStrategy|
2025/12/09 15:56:44.025|WARN|[STARK_TORNO_PILOTO] Strategy initialization pending (0 min) |l99.driver.fanuc.strategies.FanucMultiStrategy|
2025/12/09 15:56:44.051|WARN|[STARK_TORNO_02] Strategy initialization pending (0 min) |l99.driver.fanuc.strategies.FanucMultiStrategy|
2025/12/09 15:56:44.076|WARN|[STARK_CENTRO_01] Strategy initialization pending (0 min) |l99.driver.fanuc.strategies.FanucMultiStrategy|
2025/12/09 15:56:45.184|DEBUG|[STARK_TORNO_PILOTO] Applying veneer: l99.driver.fanuc.veneers.FocasPerf |l99.driver.base.Machine|
2025/12/09 15:56:45.184|DEBUG|[STARK_TORNO_PILOTO] Applying veneer: l99.driver.fanuc.veneers.Connection |l99.driver.base.Machine|
2025/12/09 15:56:45.184|DEBUG|[STARK_TORNO_PILOTO] Applying veneer: l99.driver.fanuc.veneers.GetPath |l99.driver.base.Machine|
2025/12/09 15:56:45.211|DEBUG|[STARK_TORNO_PILOTO] Applying veneer: l99.driver.fanuc.veneers.RdAxisname |l99.driver.base.Machine|
2025/12/09 15:56:45.211|DEBUG|[STARK_TORNO_PILOTO] Applying veneer: l99.driver.fanuc.veneers.RdSpindlename |l99.driver.base.Machine|
2025/12/09 15:56:45.219|DEBUG|[STARK_TORNO_PILOTO] Applying veneer: l99.driver.fanuc.veneers.SysInfo |l99.driver.base.Machine|
2025/12/09 15:56:45.219|DEBUG|[STARK_TORNO_PILOTO] Applying veneer: l99.driver.fanuc.veneers.AlarmsSeries |l99.driver.base.Machine|
2025/12/09 15:56:45.219|DEBUG|[STARK_TORNO_PILOTO] Applying veneer: l99.driver.fanuc.veneers.StateData |l99.driver.base.Machine|
2025/12/09 15:56:45.219|DEBUG|[STARK_TORNO_PILOTO] Applying veneer: l99.driver.fanuc.veneers.ProductionData |l99.driver.base.Machine|
2025/12/09 15:56:45.358|DEBUG|[STARK_TORNO_PILOTO] Applying veneer: l99.driver.fanuc.veneers.SpindleData |l99.driver.base.Machine|
2025/12/09 15:56:45.521|INFO|[STARK_TORNO_PILOTO] Strategy initialized |l99.driver.fanuc.strategies.FanucMultiStrategy|
2025/12/09 15:56:45.521|INFO|[STARK_TORNO_PILOTO] Machine task stopping |l99.driver.base.Machines|
2025/12/09 15:56:45.521|INFO|[STARK_TORNO_PILOTO] Platform stopping |l99.driver.base.Machine|
2025/12/09 15:56:45.521|INFO|[STARK_TORNO_PILOTO] Platform stopped |l99.driver.base.Machine|
2025/12/09 15:56:45.521|INFO|[STARK_TORNO_PILOTO] Machine task stopped |l99.driver.base.Machines|
2025/12/09 15:57:50.361|WARN|[STARK_CENTRO_01] Strategy initialization pending (1 min) |l99.driver.fanuc.strategies.FanucMultiStrategy|
2025/12/09 15:57:50.420|WARN|[STARK_TORNO_02] Strategy initialization pending (1 min) |l99.driver.fanuc.strategies.FanucMultiStrategy|
2025/12/09 15:58:56.697|WARN|[STARK_CENTRO_01] Strategy initialization pending (2 min) |l99.driver.fanuc.strategies.FanucMultiStrategy|
2025/12/09 15:58:56.733|WARN|[STARK_TORNO_02] Strategy initialization pending (2 min) |l99.driver.fanuc.strategies.FanucMultiStrategy|
2025/12/09 16:00:03.007|WARN|[STARK_CENTRO_01] Strategy initialization pending (3 min) |l99.driver.fanuc.strategies.FanucMultiStrategy|
2025/12/09 16:00:03.078|WARN|[STARK_TORNO_02] Strategy initialization pending (3 min) |l99.driver.fanuc.strategies.FanucMultiStrategy|
2025/12/09 16:01:09.346|WARN|[STARK_CENTRO_01] Strategy initialization pending (4 min) |l99.driver.fanuc.strategies.FanucMultiStrategy|
2025/12/09 16:01:09.391|WARN|[STARK_TORNO_02] Strategy initialization pending (4 min) |l99.driver.fanuc.strategies.FanucMultiStrategy|
2025/12/09 16:02:15.682|WARN|[STARK_CENTRO_01] Strategy initialization pending (5 min) |l99.driver.fanuc.strategies.FanucMultiStrategy|
2025/12/09 16:02:15.712|WARN|[STARK_TORNO_02] Strategy initialization pending (5 min) |l99.driver.fanuc.strategies.FanucMultiStrategy|
2025/12/09 16:03:21.974|WARN|[STARK_CENTRO_01] Strategy initialization pending (6 min) |l99.driver.fanuc.strategies.FanucMultiStrategy|
2025/12/09 16:03:22.007|WARN|[STARK_TORNO_02] Strategy initialization pending (6 min) |l99.driver.fanuc.strategies.FanucMultiStrategy|
2025/12/09 16:04:28.277|WARN|[STARK_CENTRO_01] Strategy initialization pending (7 min) |l99.driver.fanuc.strategies.FanucMultiStrategy|
2025/12/09 16:04:28.311|WARN|[STARK_TORNO_02] Strategy initialization pending (7 min) |l99.driver.fanuc.strategies.FanucMultiStrategy|
2025/12/09 16:05:34.583|WARN|[STARK_CENTRO_01] Strategy initialization pending (8 min) |l99.driver.fanuc.strategies.FanucMultiStrategy|
2025/12/09 16:05:34.615|WARN|[STARK_TORNO_02] Strategy initialization pending (8 min) |l99.driver.fanuc.strategies.FanucMultiStrategy|
2025/12/09 16:06:40.889|WARN|[STARK_CENTRO_01] Strategy initialization pending (9 min) |l99.driver.fanuc.strategies.FanucMultiStrategy|
2025/12/09 16:06:40.934|WARN|[STARK_TORNO_02] Strategy initialization pending (9 min) |l99.driver.fanuc.strategies.FanucMultiStrategy|
2025/12/09 16:07:47.203|WARN|[STARK_CENTRO_01] Strategy initialization pending (10 min) |l99.driver.fanuc.strategies.FanucMultiStrategy|
2025/12/09 16:07:47.241|WARN|[STARK_TORNO_02] Strategy initialization pending (10 min) |l99.driver.fanuc.strategies.FanucMultiStrategy|
2025/12/09 16:08:53.533|WARN|[STARK_CENTRO_01] Strategy initialization pending (11 min) |l99.driver.fanuc.strategies.FanucMultiStrategy|
2025/12/09 16:08:53.552|WARN|[STARK_TORNO_02] Strategy initialization pending (11 min) |l99.driver.fanuc.strategies.FanucMultiStrategy|
2025/12/09 16:09:59.850|WARN|[STARK_TORNO_02] Strategy initialization pending (12 min) |l99.driver.fanuc.strategies.FanucMultiStrategy|
2025/12/09 16:09:59.896|WARN|[STARK_CENTRO_01] Strategy initialization pending (12 min) |l99.driver.fanuc.strategies.FanucMultiStrategy|
2025/12/09 16:11:06.208|WARN|[STARK_CENTRO_01] Strategy initialization pending (13 min) |l99.driver.fanuc.strategies.FanucMultiStrategy|
2025/12/09 16:11:06.208|WARN|[STARK_TORNO_02] Strategy initialization pending (13 min) |l99.driver.fanuc.strategies.FanucMultiStrategy|
2025/12/09 16:12:12.517|WARN|[STARK_CENTRO_01] Strategy initialization pending (14 min) |l99.driver.fanuc.strategies.FanucMultiStrategy|
2025/12/09 16:12:12.550|WARN|[STARK_TORNO_02] Strategy initialization pending (14 min) |l99.driver.fanuc.strategies.FanucMultiStrategy|
2025/12/09 16:13:18.809|WARN|[STARK_CENTRO_01] Strategy initialization pending (15 min) |l99.driver.fanuc.strategies.FanucMultiStrategy|
2025/12/09 16:13:18.842|WARN|[STARK_TORNO_02] Strategy initialization pending (15 min) |l99.driver.fanuc.strategies.FanucMultiStrategy|
2025/12/09 16:14:25.140|WARN|[STARK_CENTRO_01] Strategy initialization pending (16 min) |l99.driver.fanuc.strategies.FanucMultiStrategy|
2025/12/09 16:14:25.171|WARN|[STARK_TORNO_02] Strategy initialization pending (16 min) |l99.driver.fanuc.strategies.FanucMultiStrategy|
2025/12/09 16:15:31.460|WARN|[STARK_CENTRO_01] Strategy initialization pending (17 min) |l99.driver.fanuc.strategies.FanucMultiStrategy|
2025/12/09 16:15:31.507|WARN|[STARK_TORNO_02] Strategy initialization pending (17 min) |l99.driver.fanuc.strategies.FanucMultiStrategy|
2025/12/09 16:16:37.783|WARN|[STARK_CENTRO_01] Strategy initialization pending (18 min) |l99.driver.fanuc.strategies.FanucMultiStrategy|
2025/12/09 16:16:37.845|WARN|[STARK_TORNO_02] Strategy initialization pending (18 min) |l99.driver.fanuc.strategies.FanucMultiStrategy|
2025/12/09 16:17:44.065|WARN|[STARK_CENTRO_01] Strategy initialization pending (19 min) |l99.driver.fanuc.strategies.FanucMultiStrategy|
2025/12/09 16:17:44.127|WARN|[STARK_TORNO_02] Strategy initialization pending (19 min) |l99.driver.fanuc.strategies.FanucMultiStrategy|
2025/12/09 16:18:50.382|WARN|[STARK_CENTRO_01] Strategy initialization pending (20 min) |l99.driver.fanuc.strategies.FanucMultiStrategy|
2025/12/09 16:18:50.428|WARN|[STARK_TORNO_02] Strategy initialization pending (20 min) |l99.driver.fanuc.strategies.FanucMultiStrategy|
2025/12/09 16:19:56.685|WARN|[STARK_CENTRO_01] Strategy initialization pending (21 min) |l99.driver.fanuc.strategies.FanucMultiStrategy|
2025/12/09 16:19:56.732|WARN|[STARK_TORNO_02] Strategy initialization pending (21 min) |l99.driver.fanuc.strategies.FanucMultiStrategy|
2025/12/09 16:21:03.053|WARN|[STARK_CENTRO_01] Strategy initialization pending (22 min) |l99.driver.fanuc.strategies.FanucMultiStrategy|
2025/12/09 16:21:03.053|WARN|[STARK_TORNO_02] Strategy initialization pending (22 min) |l99.driver.fanuc.strategies.FanucMultiStrategy|
2025/12/09 16:22:09.371|WARN|[STARK_CENTRO_01] Strategy initialization pending (23 min) |l99.driver.fanuc.strategies.FanucMultiStrategy|
2025/12/09 16:22:09.425|WARN|[STARK_TORNO_02] Strategy initialization pending (23 min) |l99.driver.fanuc.strategies.FanucMultiStrategy|
2025/12/09 16:23:15.678|WARN|[STARK_CENTRO_01] Strategy initialization pending (24 min) |l99.driver.fanuc.strategies.FanucMultiStrategy|
2025/12/09 16:23:15.737|WARN|[STARK_TORNO_02] Strategy initialization pending (24 min) |l99.driver.fanuc.strategies.FanucMultiStrategy|
2025/12/09 16:24:22.010|WARN|[STARK_CENTRO_01] Strategy initialization pending (25 min) |l99.driver.fanuc.strategies.FanucMultiStrategy|
2025/12/09 16:24:22.056|WARN|[STARK_TORNO_02] Strategy initialization pending (25 min) |l99.driver.fanuc.strategies.FanucMultiStrategy|
2025/12/09 16:25:28.316|WARN|[STARK_CENTRO_01] Strategy initialization pending (26 min) |l99.driver.fanuc.strategies.FanucMultiStrategy|
2025/12/09 16:25:28.352|WARN|[STARK_TORNO_02] Strategy initialization pending (26 min) |l99.driver.fanuc.strategies.FanucMultiStrategy|
2025/12/09 16:26:34.599|WARN|[STARK_CENTRO_01] Strategy initialization pending (27 min) |l99.driver.fanuc.strategies.FanucMultiStrategy|
2025/12/09 16:26:34.675|WARN|[STARK_TORNO_02] Strategy initialization pending (27 min) |l99.driver.fanuc.strategies.FanucMultiStrategy|
2025/12/09 16:27:40.864|WARN|[STARK_CENTRO_01] Strategy initialization pending (28 min) |l99.driver.fanuc.strategies.FanucMultiStrategy|
2025/12/09 16:27:40.956|WARN|[STARK_TORNO_02] Strategy initialization pending (28 min) |l99.driver.fanuc.strategies.FanucMultiStrategy|
2025/12/09 16:28:47.169|WARN|[STARK_CENTRO_01] Strategy initialization pending (29 min) |l99.driver.fanuc.strategies.FanucMultiStrategy|
2025/12/09 16:28:47.244|WARN|[STARK_TORNO_02] Strategy initialization pending (29 min) |l99.driver.fanuc.strategies.FanucMultiStrategy|
2025/12/09 16:29:53.466|WARN|[STARK_CENTRO_01] Strategy initialization pending (30 min) |l99.driver.fanuc.strategies.FanucMultiStrategy|
2025/12/09 16:29:53.540|WARN|[STARK_TORNO_02] Strategy initialization pending (30 min) |l99.driver.fanuc.strategies.FanucMultiStrategy|
2025/12/09 16:30:59.785|WARN|[STARK_CENTRO_01] Strategy initialization pending (31 min) |l99.driver.fanuc.strategies.FanucMultiStrategy|
2025/12/09 16:30:59.834|WARN|[STARK_TORNO_02] Strategy initialization pending (31 min) |l99.driver.fanuc.strategies.FanucMultiStrategy|
2025/12/09 16:32:06.083|WARN|[STARK_CENTRO_01] Strategy initialization pending (32 min) |l99.driver.fanuc.strategies.FanucMultiStrategy|
2025/12/09 16:32:06.146|WARN|[STARK_TORNO_02] Strategy initialization pending (32 min) |l99.driver.fanuc.strategies.FanucMultiStrategy|
2025/12/09 16:33:12.397|WARN|[STARK_CENTRO_01] Strategy initialization pending (33 min) |l99.driver.fanuc.strategies.FanucMultiStrategy|
2025/12/09 16:33:12.446|WARN|[STARK_TORNO_02] Strategy initialization pending (33 min) |l99.driver.fanuc.strategies.FanucMultiStrategy|
2025/12/09 16:34:18.695|WARN|[STARK_CENTRO_01] Strategy initialization pending (34 min) |l99.driver.fanuc.strategies.FanucMultiStrategy|
2025/12/09 16:34:18.782|WARN|[STARK_TORNO_02] Strategy initialization pending (34 min) |l99.driver.fanuc.strategies.FanucMultiStrategy|
2025/12/09 16:35:24.988|WARN|[STARK_CENTRO_01] Strategy initialization pending (35 min) |l99.driver.fanuc.strategies.FanucMultiStrategy|
2025/12/09 16:35:25.096|WARN|[STARK_TORNO_02] Strategy initialization pending (35 min) |l99.driver.fanuc.strategies.FanucMultiStrategy|
2025/12/09 16:36:31.275|WARN|[STARK_CENTRO_01] Strategy initialization pending (36 min) |l99.driver.fanuc.strategies.FanucMultiStrategy|
2025/12/09 16:36:31.368|WARN|[STARK_TORNO_02] Strategy initialization pending (36 min) |l99.driver.fanuc.strategies.FanucMultiStrategy|
